2026-09-16T07:47:56.9999490Z Current runner version: '2.337.0'
2026-09-16T07:47:57.0012820Z ##[group]Runner Image Provisioner
2026-09-16T07:47:57.0013310Z Hosted Compute Agent
2026-09-16T07:47:57.0013680Z Version: 20260828.587
2026-09-16T07:47:57.0014090Z Commit: abac92662cab4cc7352de4f9f9d2e2419aad9c29
2026-09-16T07:47:57.0014550Z Build Date: 2026-08-28T16:44:25Z
2026-09-16T07:47:57.0014980Z Worker ID: {53d0738e-bf28-4e60-9dd2-b5d0025e85d2}
2026-09-16T07:47:57.0015440Z Azure Region: westus
2026-09-16T07:47:57.0015790Z ##[endgroup]
2026-09-16T07:47:57.0016600Z ##[group]Operating System
2026-09-16T07:47:57.0016980Z macOS
2026-09-16T07:47:57.0017300Z 14.8.9
2026-09-16T07:47:57.0017620Z 23J631
2026-09-16T07:47:57.0017940Z ##[endgroup]
2026-09-16T07:47:57.0018280Z ##[group]Runner Image
2026-09-16T07:47:57.0018650Z Image: macos-14-arm64
2026-09-16T07:47:57.0019010Z Version: 20260831.0302.1
2026-09-16T07:47:57.0019790Z Included Software: https://github.com/actions/runner-images/blob/macos-14-arm64/20260831.0302/images/macos/macos-14-arm64-Readme.md
2026-09-16T07:47:57.0020800Z Image Release: https://github.com/actions/runner-images/releases/tag/macos-14-arm64%2F20260831.0302
2026-09-16T07:47:57.0021450Z ##[endgroup]
2026-09-16T07:47:57.0022150Z ##[group]GITHUB_TOKEN Permissions
2026-09-16T07:47:57.0023090Z Contents: read
2026-09-16T07:47:57.0023440Z Metadata: read
2026-09-16T07:47:57.0023790Z ##[endgroup]
2026-09-16T07:47:57.0025030Z Secret source: Actions
2026-09-16T07:47:57.0025670Z Cache mode: write
2026-09-16T07:47:57.0026100Z Prepare workflow directory
2026-09-16T07:47:57.0381820Z Prepare all required actions
2026-09-16T07:47:57.0416090Z Getting action download info
2026-09-16T07:47:57.2971510Z Download action repository 'actions/checkout@11d5960a326750d5838078e36cf38b85af677262' (SHA:11d5960a326750d5838078e36cf38b85af677262)
2026-09-16T07:47:57.5160480Z Download action repository 'actions/upload-artifact@ea165f8d65b6e75b540449e92b4886f43607fa02' (SHA:ea165f8d65b6e75b540449e92b4886f43607fa02)
2026-09-16T07:47:57.6742920Z Complete job name: aarch64-apple-darwin
2026-09-16T07:47:57.7119830Z Node 20 is being deprecated. This workflow is running with Node 24 by default. If you need to temporarily use Node 20, you can set the ACTIONS_ALLOW_USE_UNSECURE_NODE_VERSION=true environment variable. For more information see: https://github.blog/changelog/2025-09-19-deprecation-of-node-20-on-github-actions-runners/
2026-09-16T07:47:57.7126430Z ##[group]Run actions/checkout@11d5960a326750d5838078e36cf38b85af677262
2026-09-16T07:47:57.7127020Z with:
2026-09-16T07:47:57.7127350Z   repository: ryuwon-ai/deskquota
2026-09-16T07:47:57.7129850Z   token: ***
2026-09-16T07:47:57.7130160Z   ssh-strict: true
2026-09-16T07:47:57.7130480Z   ssh-user: git
2026-09-16T07:47:57.7130800Z   persist-credentials: true
2026-09-16T07:47:57.7131160Z   clean: true
2026-09-16T07:47:57.7131490Z   sparse-checkout-cone-mode: true
2026-09-16T07:47:57.7131870Z   fetch-depth: 1
2026-09-16T07:47:57.7132180Z   fetch-tags: false
2026-09-16T07:47:57.7132500Z   show-progress: true
2026-09-16T07:47:57.7132860Z   lfs: false
2026-09-16T07:47:57.7133170Z   submodules: false
2026-09-16T07:47:57.7133500Z   set-safe-directory: true
2026-09-16T07:47:57.7133860Z   allow-unsafe-pr-checkout: false
2026-09-16T07:47:57.7134320Z env:
2026-09-16T07:47:57.7134630Z   CARGO_INCREMENTAL: 0
2026-09-16T07:47:57.7134960Z   CARGO_BUILD_JOBS: 2
2026-09-16T07:47:57.7135410Z   CARGO_TARGET_DIR: /Users/runner/work/deskquota/deskquota/native-target
2026-09-16T07:47:57.7135920Z   RUSTFLAGS:
2026-09-16T07:47:57.7136220Z ##[endgroup]
2026-09-16T07:47:58.0567500Z Syncing repository: ryuwon-ai/deskquota
2026-09-16T07:47:58.0569210Z ##[group]Getting Git version info
2026-09-16T07:47:58.0569970Z Working directory is '/Users/runner/work/deskquota/deskquota'
2026-09-16T07:47:58.0571220Z [command]/opt/homebrew/bin/git version
2026-09-16T07:47:58.0756590Z git version 2.55.0
2026-09-16T07:47:58.0767150Z ##[endgroup]
2026-09-16T07:47:58.0773420Z Copying '/Users/runner/.gitconfig' to '/Users/runner/work/_temp/a95c4a31-08fe-4a16-8763-883f1da6c27a/.gitconfig'
2026-09-16T07:47:58.0777910Z Temporarily overriding HOME='/Users/runner/work/_temp/a95c4a31-08fe-4a16-8763-883f1da6c27a' before making global git config changes
2026-09-16T07:47:58.0780060Z Adding repository directory to the temporary git global config as a safe directory
2026-09-16T07:47:58.0798190Z [command]/opt/homebrew/bin/git config --global --add safe.directory /Users/runner/work/deskquota/deskquota
2026-09-16T07:47:58.0864110Z Deleting the contents of '/Users/runner/work/deskquota/deskquota'
2026-09-16T07:47:58.0866740Z ##[group]Initializing the repository
2026-09-16T07:47:58.0869500Z [command]/opt/homebrew/bin/git init /Users/runner/work/deskquota/deskquota
2026-09-16T07:47:58.1041900Z hint: Using 'master' as the name for the initial branch. This default branch name
2026-09-16T07:47:58.1044160Z hint: will change to "main" in Git 3.0. To configure the initial branch name
2026-09-16T07:47:58.1048130Z hint: to use in all of your new repositories, which will suppress this warning,
2026-09-16T07:47:58.1049800Z hint: call:
2026-09-16T07:47:58.1051680Z hint:
2026-09-16T07:47:58.1052930Z hint: 	git config --global init.defaultBranch <name>
2026-09-16T07:47:58.1054200Z hint:
2026-09-16T07:47:58.1055430Z hint: Names commonly chosen instead of 'master' are 'main', 'trunk' and
2026-09-16T07:47:58.1057180Z hint: 'development'. The just-created branch can be renamed via this command:
2026-09-16T07:47:58.1058620Z hint:
2026-09-16T07:47:58.1059540Z hint: 	git branch -m <name>
2026-09-16T07:47:58.1060490Z hint:
2026-09-16T07:47:58.1061770Z hint: Disable this message with "git config set advice.defaultBranchName false"
2026-09-16T07:47:58.1063830Z Initialized empty Git repository in /Users/runner/work/deskquota/deskquota/.git/
2026-09-16T07:47:58.1067360Z [command]/opt/homebrew/bin/git remote add origin https://github.com/ryuwon-ai/deskquota
2026-09-16T07:47:58.1108400Z ##[endgroup]
2026-09-16T07:47:58.1109660Z ##[group]Disabling automatic garbage collection
2026-09-16T07:47:58.1111650Z [command]/opt/homebrew/bin/git config --local gc.auto 0
2026-09-16T07:47:58.1156050Z ##[endgroup]
2026-09-16T07:47:58.1157220Z ##[group]Setting up auth
2026-09-16T07:47:58.1160030Z [command]/opt/homebrew/bin/git config --local --name-only --get-regexp core\.sshCommand
2026-09-16T07:47:58.1206110Z [command]/opt/homebrew/bin/git submodule foreach --recursive sh -c "git config --local --name-only --get-regexp 'core\.sshCommand' && git config --local --unset-all 'core.sshCommand' || :"
2026-09-16T07:47:58.1839290Z [command]/opt/homebrew/bin/git config --local --name-only --get-regexp http\.https\:\/\/github\.com\/\.extraheader
2026-09-16T07:47:58.1877780Z [command]/opt/homebrew/bin/git submodule foreach --recursive sh -c "git config --local --name-only --get-regexp 'http\.https\:\/\/github\.com\/\.extraheader' && git config --local --unset-all 'http.https://github.com/.extraheader' || :"
2026-09-16T07:47:58.2332830Z [command]/opt/homebrew/bin/git config --local --name-only --get-regexp ^includeIf\.gitdir:
2026-09-16T07:47:58.2371290Z [command]/opt/homebrew/bin/git submodule foreach --recursive git config --local --show-origin --name-only --get-regexp remote.origin.url
2026-09-16T07:47:58.2833830Z [command]/opt/homebrew/bin/git config --local http.https://github.com/.extraheader AUTHORIZATION: basic ***
2026-09-16T07:47:58.2932760Z ##[endgroup]
2026-09-16T07:47:58.2934000Z ##[group]Fetching the repository
2026-09-16T07:47:58.2938930Z [command]/opt/homebrew/bin/git -c protocol.version=2 fetch --no-tags --prune --no-recurse-submodules --depth=1 origin +c7af8c246ffa8598a0d92d6de40982a19f64d49f:refs/remotes/origin/develop
2026-09-16T07:47:59.6608030Z From https://github.com/ryuwon-ai/deskquota
2026-09-16T07:47:59.6608810Z  * [new ref]         c7af8c246ffa8598a0d92d6de40982a19f64d49f -> origin/develop
2026-09-16T07:47:59.6610290Z ##[endgroup]
2026-09-16T07:47:59.6610760Z ##[group]Determining the checkout info
2026-09-16T07:47:59.6611250Z ##[endgroup]
2026-09-16T07:47:59.6614710Z [command]/opt/homebrew/bin/git sparse-checkout disable
2026-09-16T07:47:59.6679340Z [command]/opt/homebrew/bin/git config --local --unset-all extensions.worktreeConfig
2026-09-16T07:47:59.6724800Z ##[group]Checking out the ref
2026-09-16T07:47:59.6732370Z [command]/opt/homebrew/bin/git checkout --progress --force -B develop refs/remotes/origin/develop
2026-09-16T07:48:00.7572890Z Updating files:  98% (4373/4434)
2026-09-16T07:48:00.7627510Z Updating files:  99% (4390/4434)
2026-09-16T07:48:00.7628630Z Updating files: 100% (4434/4434)
2026-09-16T07:48:00.7629570Z Updating files: 100% (4434/4434), done.
2026-09-16T07:48:00.7695850Z Switched to a new branch 'develop'
2026-09-16T07:48:00.7701820Z branch 'develop' set up to track 'origin/develop'.
2026-09-16T07:48:00.7720010Z ##[endgroup]
2026-09-16T07:48:00.7801680Z [command]/opt/homebrew/bin/git log -1 --format=%H
2026-09-16T07:48:00.7846710Z c7af8c246ffa8598a0d92d6de40982a19f64d49f
2026-09-16T07:48:00.8051070Z ##[group]Run rustup toolchain install 1.88.0 --profile minimal --target aarch64-apple-darwin
2026-09-16T07:48:00.8051640Z rustup toolchain install 1.88.0 --profile minimal --target aarch64-apple-darwin
2026-09-16T07:48:00.8111540Z shell: /bin/bash --noprofile --norc -e -o pipefail {0}
2026-09-16T07:48:00.8111800Z env:
2026-09-16T07:48:00.8111950Z   CARGO_INCREMENTAL: 0
2026-09-16T07:48:00.8112120Z   CARGO_BUILD_JOBS: 2
2026-09-16T07:48:00.8112370Z   CARGO_TARGET_DIR: /Users/runner/work/deskquota/deskquota/native-target
2026-09-16T07:48:00.8112660Z   RUSTFLAGS:
2026-09-16T07:48:00.8112800Z ##[endgroup]
2026-09-16T07:48:00.8794290Z info: syncing channel updates for 1.88.0-aarch64-apple-darwin
2026-09-16T07:48:01.0591660Z info: latest update on 2025-06-26 for version 1.88.0 (6b00bc388 2025-06-23)
2026-09-16T07:48:01.0596840Z info: downloading 3 components
2026-09-16T07:48:07.5944660Z
2026-09-16T07:48:07.7902010Z info: self-update is disabled for this build of rustup
2026-09-16T07:48:07.7902600Z info: any updates to rustup will need to be fetched with your system package manager
2026-09-16T07:48:07.7903090Z   1.88.0-aarch64-apple-darwin installed - rustc 1.88.0 (6b00bc388 2025-06-23)
2026-09-16T07:48:07.7903400Z
2026-09-16T07:48:07.7995170Z ##[group]Run cargo +1.88.0 test --locked --target aarch64-apple-darwin -- --test-threads=2
2026-09-16T07:48:07.7995740Z cargo +1.88.0 test --locked --target aarch64-apple-darwin -- --test-threads=2
2026-09-16T07:48:07.7996280Z cargo +1.88.0 build --locked --release --bin llmgw --target aarch64-apple-darwin
2026-09-16T07:48:07.8057470Z shell: /bin/bash --noprofile --norc -e -o pipefail {0}
2026-09-16T07:48:07.8057750Z env:
2026-09-16T07:48:07.8057930Z   CARGO_INCREMENTAL: 0
2026-09-16T07:48:07.8058090Z   CARGO_BUILD_JOBS: 2
2026-09-16T07:48:07.8058380Z   CARGO_TARGET_DIR: /Users/runner/work/deskquota/deskquota/native-target
2026-09-16T07:48:07.8058680Z   RUSTFLAGS:
2026-09-16T07:48:07.8058840Z ##[endgroup]
2026-09-16T07:48:08.0095340Z     Updating crates.io index
2026-09-16T07:48:09.1585740Z  Downloading crates ...
2026-09-16T07:48:09.2451160Z   Downloaded anstyle v1.0.14
2026-09-16T07:48:09.2547050Z   Downloaded atomic-waker v1.1.2
2026-09-16T07:48:09.2606810Z   Downloaded rand_pcg v0.10.2
2026-09-16T07:48:09.2638910Z   Downloaded shlex v2.0.1
2026-09-16T07:48:09.2696560Z   Downloaded errno v0.3.14
2026-09-16T07:48:09.3196510Z   Downloaded zerofrom-derive v0.1.7
2026-09-16T07:48:09.3228060Z   Downloaded want v0.3.1
2026-09-16T07:48:09.3274970Z   Downloaded pin-utils v0.1.0
2026-09-16T07:48:09.3372150Z   Downloaded zmij v1.0.23
2026-09-16T07:48:09.3550930Z   Downloaded zerovec-derive v0.11.6
2026-09-16T07:48:09.3637810Z   Downloaded uuid v1.26.1
2026-09-16T07:48:09.3814060Z   Downloaded toml_edit v0.25.15+spec-1.1.0
2026-09-16T07:48:09.3998580Z   Downloaded zerotrie v0.2.5
2026-09-16T07:48:09.4124220Z   Downloaded zerovec v0.11.8
2026-09-16T07:48:09.4600190Z   Downloaded tokio-util v0.7.19
2026-09-16T07:48:09.4830970Z   Downloaded tower-http v0.6.11
2026-09-16T07:48:09.5065080Z   Downloaded serde_json v1.0.149
2026-09-16T07:48:09.5550620Z   Downloaded winnow v1.0.4
2026-09-16T07:48:09.5753330Z   Downloaded h2 v0.4.19
2026-09-16T07:48:09.6211760Z   Downloaded futures-util v0.3.32
2026-09-16T07:48:09.6498970Z   Downloaded aws-lc-rs v1.18.1
2026-09-16T07:48:09.7025470Z   Downloaded unicode-width v0.2.2
2026-09-16T07:48:09.7109550Z   Downloaded quinn-proto v0.11.17
2026-09-16T07:48:09.7263820Z   Downloaded quick-xml v0.42.0
2026-09-16T07:48:09.7378060Z   Downloaded syn v3.0.5
2026-09-16T07:48:09.7855090Z   Downloaded syn v2.0.119
2026-09-16T07:48:09.8046080Z   Downloaded clap_builder v4.6.6
2026-09-16T07:48:09.8165810Z   Downloaded rustix v1.1.4
2026-09-16T07:48:09.9257040Z   Downloaded rustls v0.23.44
2026-09-16T07:48:09.9478080Z   Downloaded icu_properties_data v2.3.0
2026-09-16T07:48:09.9965880Z   Downloaded hyper v1.8.1
2026-09-16T07:48:10.0092780Z   Downloaded axum v0.8.9
2026-09-16T07:48:10.0241450Z   Downloaded tracing v0.1.44
2026-09-16T07:48:10.0534780Z   Downloaded reqwest v0.13.5
2026-09-16T07:48:10.0647490Z   Downloaded hashbrown v0.17.1
2026-09-16T07:48:10.0747550Z   Downloaded idna v1.1.0
2026-09-16T07:48:10.0817760Z   Downloaded mio v1.2.3
2026-09-16T07:48:10.0950430Z   Downloaded icu_normalizer v2.3.0
2026-09-16T07:48:10.1442080Z   Downloaded indexmap v2.14.2
2026-09-16T07:48:10.1525070Z   Downloaded icu_properties v2.3.0
2026-09-16T07:48:10.1591420Z   Downloaded hyper-util v0.1.20
2026-09-16T07:48:10.1699100Z   Downloaded cc v1.4.5
2026-09-16T07:48:10.1753660Z   Downloaded rand v0.10.2
2026-09-16T07:48:10.1819240Z   Downloaded memchr v2.8.3
2026-09-16T07:48:10.2182510Z   Downloaded icu_collections v2.3.0
2026-09-16T07:48:10.2297250Z   Downloaded http v1.5.0
2026-09-16T07:48:10.2362350Z   Downloaded exacl v0.13.0
2026-09-16T07:48:10.2444010Z   Downloaded base64 v0.22.1
2026-09-16T07:48:10.2508040Z   Downloaded url v2.5.8
2026-09-16T07:48:10.2555020Z   Downloaded typenum v1.20.1
2026-09-16T07:48:10.2613860Z   Downloaded tower v0.5.3
2026-09-16T07:48:10.2790240Z   Downloaded libc v0.2.183
2026-09-16T07:48:10.3497300Z   Downloaded serde v1.0.228
2026-09-16T07:48:10.3568240Z   Downloaded tokio v1.49.0
2026-09-16T07:48:10.4684800Z   Downloaded security-framework v3.7.0
2026-09-16T07:48:10.4759750Z   Downloaded rustls-webpki v0.103.15
2026-09-16T07:48:10.4813950Z   Downloaded quinn v0.11.11
2026-09-16T07:48:10.4882660Z   Downloaded jsonc-parser v0.33.1
2026-09-16T07:48:10.4995360Z   Downloaded icu_locale_core v2.3.0
2026-09-16T07:48:10.5114610Z   Downloaded base64 v0.23.1
2026-09-16T07:48:10.5179040Z   Downloaded socket2 v0.6.5
2026-09-16T07:48:10.5205800Z   Downloaded serde_derive v1.0.228
2026-09-16T07:48:10.5529060Z   Downloaded rustls-platform-verifier v0.7.0
2026-09-16T07:48:10.5598090Z   Downloaded proc-macro2 v1.0.107
2026-09-16T07:48:10.5644930Z   Downloaded icu_provider v2.3.1
2026-09-16T07:48:10.5693090Z   Downloaded icu_normalizer_data v2.3.0
2026-09-16T07:48:10.5724060Z   Downloaded hybrid-array v0.4.15
2026-09-16T07:48:10.5759300Z   Downloaded httparse v1.10.1
2026-09-16T07:48:10.5797180Z   Downloaded getrandom v0.4.3
2026-09-16T07:48:10.5864950Z   Downloaded const-oid v0.10.2
2026-09-16T07:48:10.6175980Z   Downloaded console v0.16.6
2026-09-16T07:48:10.6211050Z   Downloaded clap v4.6.6
2026-09-16T07:48:10.6389960Z   Downloaded bytes v1.11.1
2026-09-16T07:48:10.6463680Z   Downloaded unicode-ident v1.0.24
2026-09-16T07:48:10.6506280Z   Downloaded tracing-core v0.1.36
2026-09-16T07:48:10.6550190Z   Downloaded toml_parser v1.1.3+spec-1.1.0
2026-09-16T07:48:10.6588150Z   Downloaded tinyvec v1.13.2
2026-09-16T07:48:10.6666770Z   Downloaded serde_core v1.0.228
2026-09-16T07:48:10.6716650Z   Downloaded rustls-pki-types v1.15.1
2026-09-16T07:48:10.6769870Z   Downloaded once_cell v1.21.4
2026-09-16T07:48:10.6814210Z   Downloaded log v0.4.34
2026-09-16T07:48:10.6855370Z   Downloaded litemap v0.8.3
2026-09-16T07:48:10.6898080Z   Downloaded http-body-util v0.1.3
2026-09-16T07:48:10.6929700Z   Downloaded getrandom v0.2.17
2026-09-16T07:48:10.7306210Z   Downloaded futures-channel v0.3.34
2026-09-16T07:48:10.7341920Z   Downloaded fs4 v1.1.0
2026-09-16T07:48:10.7924240Z   Downloaded displaydoc v0.2.7
2026-09-16T07:48:10.7960220Z   Downloaded dialoguer v0.12.0
2026-09-16T07:48:10.8035760Z   Downloaded core-foundation-sys v0.8.7
2026-09-16T07:48:10.8117910Z   Downloaded ring v0.17.14
2026-09-16T07:48:10.9442200Z   Downloaded clap_derive v4.6.4
2026-09-16T07:48:10.9490820Z   Downloaded chacha20 v0.10.2
2026-09-16T07:48:10.9537440Z   Downloaded bitflags v2.13.2
2026-09-16T07:48:10.9619580Z   Downloaded yoke v0.8.3
2026-09-16T07:48:10.9648310Z   Downloaded toml_writer v1.1.2+spec-1.1.0
2026-09-16T07:48:10.9675560Z   Downloaded toml_datetime v1.1.1+spec-1.1.0
2026-09-16T07:48:10.9706650Z   Downloaded tokio-rustls v0.26.5
2026-09-16T07:48:10.9757820Z   Downloaded tokio-macros v2.6.1
2026-09-16T07:48:10.9782210Z   Downloaded tinystr v0.8.4
2026-09-16T07:48:10.9815480Z   Downloaded thiserror-impl v2.0.20
2026-09-16T07:48:10.9847770Z   Downloaded thiserror v2.0.20
2026-09-16T07:48:11.0019570Z   Downloaded smallvec v1.16.1
2026-09-16T07:48:11.0047890Z   Downloaded slab v0.4.12
2026-09-16T07:48:11.0069170Z   Downloaded signal-hook-registry v1.4.8
2026-09-16T07:48:11.0098360Z   Downloaded sha2 v0.11.0
2026-09-16T07:48:11.0183080Z   Downloaded rand_core v0.10.1
2026-09-16T07:48:11.0216490Z   Downloaded quote v1.0.47
2026-09-16T07:48:11.0264860Z   Downloaded quinn-udp v0.5.15
2026-09-16T07:48:11.0292640Z   Downloaded pkg-config v0.3.34
2026-09-16T07:48:11.0328630Z   Downloaded pin-project-lite v0.2.17
2026-09-16T07:48:11.0453670Z   Downloaded matchit v0.8.4
2026-09-16T07:48:11.0504750Z   Downloaded jobserver v0.1.35
2026-09-16T07:48:11.0550490Z   Downloaded ipnet v2.12.2
2026-09-16T07:48:11.0584150Z   Downloaded hyper-rustls v0.27.9
2026-09-16T07:48:11.0605390Z   Downloaded digest v0.11.3
2026-09-16T07:48:11.0643560Z   Downloaded anstyle-parse v1.0.0
2026-09-16T07:48:11.0668170Z   Downloaded zeroize v1.9.0
2026-09-16T07:48:11.0694970Z   Downloaded writeable v0.6.4
2026-09-16T07:48:11.0739140Z   Downloaded tower-service v0.3.3
2026-09-16T07:48:11.0751200Z   Downloaded synstructure v0.13.2
2026-09-16T07:48:11.0767610Z   Downloaded strsim v0.11.1
2026-09-16T07:48:11.0791230Z   Downloaded fs_extra v1.3.0
2026-09-16T07:48:11.0826000Z   Downloaded find-msvc-tools v0.1.12
2026-09-16T07:48:11.0857660Z   Downloaded core-foundation v0.10.1
2026-09-16T07:48:11.0894460Z   Downloaded cmake v0.1.58
2026-09-16T07:48:11.0922080Z   Downloaded axum-core v0.5.6
2026-09-16T07:48:11.0968480Z   Downloaded mime v0.3.17
2026-09-16T07:48:11.0989450Z   Downloaded lru-slab v0.1.2
2026-09-16T07:48:11.1002940Z   Downloaded httpdate v1.0.3
2026-09-16T07:48:11.1021590Z   Downloaded futures-task v0.3.34
2026-09-16T07:48:11.1041800Z   Downloaded futures-sink v0.3.34
2026-09-16T07:48:11.1053940Z   Downloaded tower-layer v0.3.3
2026-09-16T07:48:11.1072620Z   Downloaded tinyvec_macros v0.1.1
2026-09-16T07:48:11.1093200Z   Downloaded security-framework-sys v2.17.0
2026-09-16T07:48:11.1134990Z   Downloaded rustc-hash v2.1.3
2026-09-16T07:48:11.1158550Z   Downloaded form_urlencoded v1.2.2
2026-09-16T07:48:11.1172040Z   Downloaded fnv v1.0.7
2026-09-16T07:48:11.1187650Z   Downloaded anstyle-query v1.1.5
2026-09-16T07:48:11.1225630Z   Downloaded zerofrom v0.1.8
2026-09-16T07:48:11.1267270Z   Downloaded yoke-derive v0.8.2
2026-09-16T07:48:11.1319980Z   Downloaded utf8parse v0.2.2
2026-09-16T07:48:11.1345330Z   Downloaded utf8_iter v1.0.4
2026-09-16T07:48:11.1375520Z   Downloaded untrusted v0.9.0
2026-09-16T07:48:11.1414210Z   Downloaded try-lock v0.2.5
2026-09-16T07:48:11.1439940Z   Downloaded sync_wrapper v1.0.2
2026-09-16T07:48:11.1751820Z   Downloaded subtle v2.6.1
2026-09-16T07:48:11.1776920Z   Downloaded stable_deref_trait v1.2.1
2026-09-16T07:48:11.1796720Z   Downloaded shell-words v1.1.1
2026-09-16T07:48:11.1821580Z   Downloaded serde_spanned v1.1.1
2026-09-16T07:48:11.1844900Z   Downloaded scopeguard v1.2.0
2026-09-16T07:48:11.1861970Z   Downloaded potential_utf v0.1.6
2026-09-16T07:48:11.1879640Z   Downloaded percent-encoding v2.3.2
2026-09-16T07:48:11.1893320Z   Downloaded itoa v1.0.18
2026-09-16T07:48:11.1918510Z   Downloaded is_terminal_polyfill v1.70.2
2026-09-16T07:48:11.1957700Z   Downloaded idna_adapter v1.2.2
2026-09-16T07:48:11.1992240Z   Downloaded http-body v1.1.0
2026-09-16T07:48:11.2007990Z   Downloaded heck v0.5.0
2026-09-16T07:48:11.2044280Z   Downloaded futures-macro v0.3.32
2026-09-16T07:48:11.2060870Z   Downloaded futures-io v0.3.34
2026-09-16T07:48:11.2077660Z   Downloaded futures-core v0.3.34
2026-09-16T07:48:11.2101490Z   Downloaded cpufeatures v0.3.1
2026-09-16T07:48:11.2124650Z   Downloaded colorchoice v1.0.5
2026-09-16T07:48:11.2150670Z   Downloaded cfg_aliases v0.2.2
2026-09-16T07:48:11.2164900Z   Downloaded block-buffer v0.12.1
2026-09-16T07:48:11.2193180Z   Downloaded equivalent v1.0.2
2026-09-16T07:48:11.2214020Z   Downloaded dunce v1.0.5
2026-09-16T07:48:11.2229950Z   Downloaded cfg-if v1.0.4
2026-09-16T07:48:11.2247220Z   Downloaded crypto-common v0.2.2
2026-09-16T07:48:11.2265210Z   Downloaded clap_lex v1.1.0
2026-09-16T07:48:11.2284370Z   Downloaded anstream v1.0.0
2026-09-16T07:48:11.2643900Z   Downloaded aws-lc-sys v0.45.0
2026-09-16T07:48:11.8293150Z  Downloading crates ...
2026-09-16T07:48:11.8596490Z   Downloaded windows-sys v0.61.2
2026-09-16T07:48:12.1792740Z    Compiling libc v0.2.183
2026-09-16T07:48:12.1842490Z    Compiling proc-macro2 v1.0.107
2026-09-16T07:48:14.2532170Z    Compiling quote v1.0.47
2026-09-16T07:48:14.3471640Z    Compiling unicode-ident v1.0.24
2026-09-16T07:48:14.9660220Z    Compiling syn v2.0.119
2026-09-16T07:48:14.9773040Z    Compiling syn v3.0.5
2026-09-16T07:48:18.7975810Z    Compiling synstructure v0.13.2
2026-09-16T07:48:19.2858160Z    Compiling stable_deref_trait v1.2.1
2026-09-16T07:48:19.3051120Z    Compiling bytes v1.11.1
2026-09-16T07:48:19.3224580Z    Compiling zerofrom-derive v0.1.7
2026-09-16T07:48:19.6887450Z    Compiling yoke-derive v0.8.2
2026-09-16T07:48:20.5571520Z    Compiling zerofrom v0.1.8
2026-09-16T07:48:20.6118140Z    Compiling pin-project-lite v0.2.17
2026-09-16T07:48:20.6527550Z    Compiling jobserver v0.1.35
2026-09-16T07:48:20.7722290Z    Compiling yoke v0.8.3
2026-09-16T07:48:20.8666390Z    Compiling errno v0.3.14
2026-09-16T07:48:20.9192250Z    Compiling find-msvc-tools v0.1.12
2026-09-16T07:48:20.9315810Z    Compiling futures-core v0.3.34
2026-09-16T07:48:20.9860220Z    Compiling shlex v2.0.1
2026-09-16T07:48:21.0533640Z    Compiling cc v1.4.5
2026-09-16T07:48:21.0643410Z    Compiling zerovec-derive v0.11.6
2026-09-16T07:48:21.7676300Z    Compiling itoa v1.0.18
2026-09-16T07:48:21.8617300Z    Compiling zerovec v0.11.8
2026-09-16T07:48:22.1490160Z    Compiling cmake v0.1.58
2026-09-16T07:48:22.3262680Z    Compiling displaydoc v0.2.7
2026-09-16T07:48:22.3917100Z    Compiling fs_extra v1.3.0
2026-09-16T07:48:22.5186410Z    Compiling dunce v1.0.5
2026-09-16T07:48:22.5409460Z    Compiling pkg-config v0.3.34
2026-09-16T07:48:22.8345120Z    Compiling signal-hook-registry v1.4.8
2026-09-16T07:48:22.9173680Z    Compiling aws-lc-sys v0.45.0
2026-09-16T07:48:22.9735990Z    Compiling tokio-macros v2.6.1
2026-09-16T07:48:23.4749330Z    Compiling mio v1.2.3
2026-09-16T07:48:23.9818310Z    Compiling socket2 v0.6.5
2026-09-16T07:48:23.9856260Z    Compiling once_cell v1.21.4
2026-09-16T07:48:24.3210130Z    Compiling tokio v1.49.0
2026-09-16T07:48:28.4775280Z    Compiling http v1.5.0
2026-09-16T07:48:29.0724020Z    Compiling smallvec v1.16.1
2026-09-16T07:48:29.1523130Z    Compiling tinystr v0.8.4
2026-09-16T07:48:29.2363000Z    Compiling serde_core v1.0.228
2026-09-16T07:48:29.3875010Z    Compiling litemap v0.8.3
2026-09-16T07:48:29.4630030Z    Compiling writeable v0.6.4
2026-09-16T07:48:29.5659520Z    Compiling slab v0.4.12
2026-09-16T07:48:29.6317530Z    Compiling aws-lc-rs v1.18.1
2026-09-16T07:48:29.7480090Z    Compiling icu_locale_core v2.3.0
2026-09-16T07:48:30.4820910Z    Compiling http-body v1.1.0
2026-09-16T07:48:30.5359950Z    Compiling zerotrie v0.2.5
2026-09-16T07:48:30.6794300Z    Compiling potential_utf v0.1.6
2026-09-16T07:48:30.7328240Z    Compiling icu_properties_data v2.3.0
2026-09-16T07:48:30.8011580Z    Compiling utf8_iter v1.0.4
2026-09-16T07:48:30.8467470Z    Compiling zeroize v1.9.0
2026-09-16T07:48:30.9151250Z    Compiling equivalent v1.0.2
2026-09-16T07:48:30.9368650Z    Compiling icu_normalizer_data v2.3.0
2026-09-16T07:48:31.0024850Z    Compiling hashbrown v0.17.1
2026-09-16T07:48:31.2883400Z    Compiling indexmap v2.14.2
2026-09-16T07:48:31.6270110Z    Compiling icu_collections v2.3.0
2026-09-16T07:48:31.9258090Z    Compiling icu_provider v2.3.1
2026-09-16T07:48:33.2029100Z    Compiling tracing-core v0.1.36
2026-09-16T07:48:33.5266830Z    Compiling httparse v1.10.1
2026-09-16T07:48:33.6880230Z    Compiling bitflags v2.13.2
2026-09-16T07:48:33.7944470Z    Compiling futures-sink v0.3.34
2026-09-16T07:48:33.8216950Z    Compiling futures-task v0.3.34
2026-09-16T07:48:33.8776090Z    Compiling percent-encoding v2.3.2
2026-09-16T07:48:33.9500230Z    Compiling tower-service v0.3.3
2026-09-16T07:48:33.9726190Z    Compiling futures-util v0.3.32
2026-09-16T07:48:34.8822040Z    Compiling tokio-util v0.7.19
2026-09-16T07:48:35.2398960Z    Compiling tracing v0.1.44
2026-09-16T07:48:35.4364770Z    Compiling rustls-pki-types v1.15.1
2026-09-16T07:48:35.6785110Z    Compiling untrusted v0.9.0
2026-09-16T07:48:35.7109640Z    Compiling log v0.4.34
2026-09-16T07:48:35.7778640Z    Compiling try-lock v0.2.5
2026-09-16T07:48:35.8067580Z    Compiling rustls v0.23.44
2026-09-16T07:48:35.8695820Z    Compiling atomic-waker v1.1.2
2026-09-16T07:48:35.9039930Z    Compiling fnv v1.0.7
2026-09-16T07:48:35.9271950Z    Compiling h2 v0.4.19
2026-09-16T07:48:37.9528750Z    Compiling want v0.3.1
2026-09-16T07:48:38.0121100Z    Compiling icu_normalizer v2.3.0
2026-09-16T07:48:38.3564090Z    Compiling icu_properties v2.3.0
2026-09-16T07:48:39.2553350Z    Compiling sync_wrapper v1.0.2
2026-09-16T07:48:39.2847630Z    Compiling futures-channel v0.3.34
2026-09-16T07:48:39.3680470Z    Compiling core-foundation-sys v0.8.7
2026-09-16T07:48:39.4636960Z    Compiling subtle v2.6.1
2026-09-16T07:48:39.5445720Z    Compiling tower-layer v0.3.3
2026-09-16T07:48:39.6064770Z    Compiling pin-utils v0.1.0
2026-09-16T07:48:39.6243200Z    Compiling httpdate v1.0.3
2026-09-16T07:48:39.7243910Z    Compiling typenum v1.20.1
2026-09-16T07:48:40.1732700Z    Compiling hybrid-array v0.4.15
2026-09-16T07:48:40.5171630Z    Compiling hyper v1.8.1
2026-09-16T07:48:41.6858290Z    Compiling idna_adapter v1.2.2
2026-09-16T07:48:41.7238820Z    Compiling cfg-if v1.0.4
2026-09-16T07:48:41.7417740Z    Compiling utf8parse v0.2.2
2026-09-16T07:48:41.7717670Z    Compiling memchr v2.8.3
2026-09-16T07:48:42.0295950Z    Compiling zmij v1.0.23
2026-09-16T07:48:42.1692220Z    Compiling anstyle-parse v1.0.0
2026-09-16T07:48:42.2369320Z    Compiling idna v1.1.0
2026-09-16T07:48:42.7252280Z    Compiling tower v0.5.3
2026-09-16T07:48:42.9572330Z    Compiling core-foundation v0.10.1
2026-09-16T07:48:43.1483890Z    Compiling security-framework-sys v2.17.0
2026-09-16T07:48:43.2649720Z    Compiling form_urlencoded v1.2.2
2026-09-16T07:48:43.3503380Z    Compiling http-body-util v0.1.3
2026-09-16T07:48:43.4525770Z    Compiling is_terminal_polyfill v1.70.2
2026-09-16T07:48:43.4739670Z    Compiling base64 v0.22.1
2026-09-16T07:48:43.6383290Z    Compiling ipnet v2.12.2
2026-09-16T07:48:43.9233390Z    Compiling colorchoice v1.0.5
2026-09-16T07:48:43.9527430Z    Compiling serde_json v1.0.149
2026-09-16T07:48:44.0254680Z    Compiling rand_core v0.10.1
2026-09-16T07:48:44.0812510Z    Compiling anstyle-query v1.1.5
2026-09-16T07:48:44.1091330Z    Compiling anstyle v1.0.14
2026-09-16T07:48:44.1943840Z    Compiling rustix v1.1.4
2026-09-16T07:48:44.3603270Z    Compiling getrandom v0.4.3
2026-09-16T07:48:44.5011570Z    Compiling anstream v1.0.0
2026-09-16T07:48:44.6488140Z    Compiling hyper-util v0.1.20
2026-09-16T07:48:45.5305040Z    Compiling url v2.5.8
2026-09-16T07:48:46.0014230Z    Compiling security-framework v3.7.0
2026-09-16T07:48:47.1730540Z    Compiling block-buffer v0.12.1
2026-09-16T07:48:47.2247900Z    Compiling crypto-common v0.2.2
2026-09-16T07:48:47.9626670Z    Compiling exacl v0.13.0
2026-09-16T07:48:48.0515680Z    Compiling strsim v0.11.1
2026-09-16T07:48:48.2849240Z    Compiling unicode-width v0.2.2
2026-09-16T07:48:48.3924460Z    Compiling mime v0.3.17
2026-09-16T07:48:48.5269400Z    Compiling winnow v1.0.4
2026-09-16T07:48:49.2535610Z    Compiling const-oid v0.10.2
2026-09-16T07:48:49.3501010Z    Compiling serde v1.0.228
2026-09-16T07:48:49.5061390Z    Compiling clap_lex v1.1.0
2026-09-16T07:48:49.6267940Z    Compiling heck v0.5.0
2026-09-16T07:48:49.7632400Z    Compiling clap_derive v4.6.4
2026-09-16T07:48:50.9047390Z    Compiling clap_builder v4.6.6
2026-09-16T07:48:53.3000170Z    Compiling digest v0.11.3
2026-09-16T07:48:53.3831170Z    Compiling toml_parser v1.1.3+spec-1.1.0
2026-09-16T07:48:53.8279920Z    Compiling axum-core v0.5.6
2026-09-16T07:48:54.7078930Z    Compiling console v0.16.6
2026-09-16T07:48:55.8232350Z    Compiling tower-http v0.6.11
2026-09-16T07:48:57.1131460Z    Compiling chacha20 v0.10.2
2026-09-16T07:48:57.2174820Z    Compiling serde_spanned v1.1.1
2026-09-16T07:48:57.2670630Z    Compiling toml_datetime v1.1.1+spec-1.1.0
2026-09-16T07:48:57.4178240Z    Compiling serde_derive v1.0.228
2026-09-16T07:48:59.5503070Z    Compiling cpufeatures v0.3.1
2026-09-16T07:48:59.5892950Z    Compiling toml_writer v1.1.2+spec-1.1.0
2026-09-16T07:48:59.6857660Z    Compiling matchit v0.8.4
2026-09-16T07:48:59.8684020Z    Compiling shell-words v1.1.1
2026-09-16T07:48:59.9190570Z    Compiling uuid v1.26.1
2026-09-16T07:49:00.1195360Z    Compiling scopeguard v1.2.0
2026-09-16T07:49:00.1488850Z    Compiling base64 v0.23.1
2026-09-16T07:49:00.8168100Z    Compiling dialoguer v0.12.0
2026-09-16T07:49:01.1605500Z    Compiling axum v0.8.9
2026-09-16T07:49:02.9940390Z    Compiling toml_edit v0.25.15+spec-1.1.0
2026-09-16T07:49:03.9907150Z    Compiling sha2 v0.11.0
2026-09-16T07:49:04.7235490Z    Compiling rand v0.10.2
2026-09-16T07:49:05.0448920Z    Compiling fs4 v1.1.0
2026-09-16T07:49:05.1062100Z    Compiling jsonc-parser v0.33.1
2026-09-16T07:49:06.0892680Z    Compiling clap v4.6.6
2026-09-16T07:49:06.1132820Z    Compiling quick-xml v0.42.0
2026-09-16T07:49:18.3401710Z    Compiling rustls-webpki v0.103.15
2026-09-16T07:49:20.6030940Z    Compiling tokio-rustls v0.26.5
2026-09-16T07:49:20.7652420Z    Compiling hyper-rustls v0.27.9
2026-09-16T07:49:20.9130830Z    Compiling rustls-platform-verifier v0.7.0
2026-09-16T07:49:21.0644050Z    Compiling reqwest v0.13.5
2026-09-16T07:49:23.0197730Z    Compiling llmgw v0.1.0 (/Users/runner/work/deskquota/deskquota/product)
2026-09-16T07:49:40.5478270Z     Finished `test` profile [unoptimized + debuginfo] target(s) in 1m 32s
2026-09-16T07:49:40.6704250Z      Running unittests src/lib.rs (/Users/runner/work/deskquota/deskquota/native-target/aarch64-apple-darwin/debug/deps/llmgw-ac43daf76606e9bc)
2026-09-16T07:49:40.6891810Z
2026-09-16T07:49:40.6892160Z running 46 tests
2026-09-16T07:49:40.6961650Z test admission::quota::diagnostics_tests::cumulative_diagnostics_saturate_without_wrapping ... ok
2026-09-16T07:49:40.6982360Z test admission::queue::diagnostics_tests::protected_head_reports_resource_and_empty_cooldown_has_no_blocker ... ok
2026-09-16T07:49:40.7010190Z test admission::tests::starting_provisional_hold_wakes_waiters_to_schedule_its_expiry ... ok
2026-09-16T07:49:40.7011750Z test admission::tests::unpolled_worker_future_still_owns_and_releases_admission ... ok
2026-09-16T07:49:40.7021240Z test admission::tests::status_keeps_wide_debt_decimal_without_loss_or_exact_estimator_claim ... ok
2026-09-16T07:49:40.7024870Z test autostart::manager_snapshot_tests::linux_manager_definition_exposes_global_or_foreign_scope ... ok
2026-09-16T07:49:40.7081830Z test autostart::manager_snapshot_tests::linux_removal_preview_orders_reload_before_reobservation ... ok
2026-09-16T07:49:40.7084580Z test autostart::manager_snapshot_tests::malformed_windows_manager_xml_uses_a_fixed_safe_reason ... ok
2026-09-16T07:49:40.7085660Z test autostart::manager_snapshot_tests::manager_state_blocks_unknown_and_foreign_but_exposes_owned_disabled ... ok
2026-09-16T07:49:40.7093230Z test autostart::manager_snapshot_tests::windows_manager_accepts_numeric_refs_and_rejects_unsupported_refs ... ok
2026-09-16T07:49:40.7385760Z test autostart::manager_snapshot_tests::windows_manager_accepts_scheduler_omitted_enabled_defaults ... ok
2026-09-16T07:49:40.7386440Z test autostart::manager_snapshot_tests::windows_manager_definition_distinguishes_disabled_and_foreign_tasks ... ok
2026-09-16T07:49:40.7387230Z test autostart::manager_snapshot_tests::windows_manager_requires_one_complete_task_document ... ok
2026-09-16T07:49:40.7388050Z test autostart::manager_snapshot_tests::windows_manager_requires_one_complete_trigger_principal_and_action ... ok
2026-09-16T07:49:40.7388800Z test autostart::manager_snapshot_tests::windows_query_failure_is_unknown_except_file_or_path_not_found_hresult ... ok
2026-09-16T07:49:40.7389490Z test autostart::manager_snapshot_tests::windows_utf16_task_xml_decodes_before_semantic_parsing ... ok
2026-09-16T07:49:40.7390110Z test cache::tests::bounded_flight_table_keeps_existing_owners_and_releases_capacity ... ok
2026-09-16T07:49:40.7390730Z test autostart::manager_snapshot_tests::linux_manager_refuses_dropins_pending_reload_and_incomplete_snapshots ... ok
2026-09-16T07:49:40.7391390Z test cache::tests::bypass_reasons_are_fixed_order_and_preserve_short_text_eligibility ... ok
2026-09-16T07:49:40.7398160Z test cache::tests::key_frames_all_duplicate_header_values_and_exact_body_bytes ... ok
2026-09-16T07:49:40.7402710Z test cache::tests::ownership_releases_on_failure_cancellation_and_uncacheable_capture ... ok
2026-09-16T07:49:40.7408340Z test cache::tests::pinned_replays_and_polled_frames_keep_budget_after_eviction ... ok
2026-09-16T07:49:40.7414760Z test cache::tests::queued_rechecks_count_once_and_observe_fills_before_or_after_waiting ... ok
2026-09-16T07:49:40.7418920Z test circuit::tests::exactly_one_probe_and_stale_completions_cannot_close_new_circuits ... ok
2026-09-16T07:49:40.7422560Z test circuit::tests::header_failure_is_counted_once_and_retry_after_cannot_overflow_time ... ok
2026-09-16T07:49:40.7424650Z test circuit::tests::scope_separates_routing_and_credentials_but_not_request_trace_headers ... ok
2026-09-16T07:49:40.7442250Z test circuit::tests::streak_resets_on_completion_and_old_failures_expire ... ok
2026-09-16T07:49:40.7442910Z test cache::tests::captures_reserve_nonblocking_and_entries_trim_unused_bytes_with_count_ceiling ... ok
2026-09-16T07:49:40.7445840Z test cli::status_tests::admission_text_preserves_wide_debt_and_labels_the_representative_barrier ... ok
2026-09-16T07:49:40.7446460Z test cli::status_tests::cache_status_preserves_available_counts_and_labels_missing_data ... ok
2026-09-16T07:49:40.7496720Z test circuit::tests::table_is_bounded_and_never_evicts_an_active_or_open_scope ... ok
2026-09-16T07:49:40.7498930Z test config_patch::storage::tests::opened_snapshot_rejects_a_directory ... ok
2026-09-16T07:49:40.7502640Z test protocol::json::tests::complete_json_counts_preserve_zero_cache_semantics_and_reject_invalid_reports ... ok
2026-09-16T07:49:40.7524580Z test protocol::request::tests::unmetered_generation_is_not_classified_as_non_generating_metadata ... ok
2026-09-16T07:49:40.7544340Z test config_patch::storage::tests::equal_bytes_replacement_has_different_snapshot_identity ... ok
2026-09-16T07:49:40.7545210Z test setup::persist::tests::matching_worker_uses_on_and_unverified_worker_refuses_start ... ok
2026-09-16T07:49:40.7545990Z test setup::persist::tests::pending_worker_requires_the_explicit_restart_mode ... ok
2026-09-16T07:49:40.7623770Z test setup::persist::tests::ambiguous_windows_replace_keeps_original_and_candidate_recovery ... ok
2026-09-16T07:49:40.7636880Z test setup::persist::tests::verified_windows_replace_removes_recovery_copies ... ok
2026-09-16T07:49:40.7638180Z test setup::prompts::tests::overhead_prompt_accepts_only_storable_nonnegative_toml_integers ... ok
2026-09-16T07:49:40.7639080Z test transport::body_budget::tests::permit_lives_until_the_last_bytes_clone ... ok
2026-09-16T07:49:40.7640050Z test transport::headers::local_request_tests::authority_and_json_boundary_reject_browser_capable_requests ... ok
2026-09-16T07:49:40.7651970Z test setup::persist::tests::windows_recovery_refuses_stale_source_before_replace ... ok
2026-09-16T07:49:40.7652870Z test transport::stream::retained_delivery_tests::completed_eof_producers_leave_bounded_payload_owned_by_each_response ... ok
2026-09-16T07:49:40.7653620Z test transport::stream::tests::json_observer_storage_stops_at_limit_and_header_ambiguity_is_unknown ... ok
2026-09-16T07:49:40.7671040Z test transport::stream::tests::observer_retained_buffer_capacity_is_bounded_across_fields_and_lines ... ok
2026-09-16T07:49:40.7671670Z
2026-09-16T07:49:40.7671990Z test result: ok. 46 passed; 0 failed; 0 ignored; 0 measured; 0 filtered out; finished in 0.08s
2026-09-16T07:49:40.7672370Z
2026-09-16T07:49:40.7674560Z      Running unittests src/main.rs (/Users/runner/work/deskquota/deskquota/native-target/aarch64-apple-darwin/debug/deps/llmgw-c3437e6a7d10c0ed)
2026-09-16T07:49:40.7698890Z
2026-09-16T07:49:40.7699330Z running 0 tests
2026-09-16T07:49:40.7699540Z
2026-09-16T07:49:40.7699920Z test result: ok. 0 passed; 0 failed; 0 ignored; 0 measured; 0 filtered out; finished in 0.00s
2026-09-16T07:49:40.7701120Z      Running tests/autostart_templates.rs (/Users/runner/work/deskquota/deskquota/native-target/aarch64-apple-darwin/debug/deps/autostart_templates-36a6c32cbf303336)
2026-09-16T07:49:40.7701700Z
2026-09-16T07:49:40.7729730Z
2026-09-16T07:49:40.7731960Z running 16 tests
2026-09-16T07:49:40.7738990Z test absolute_paths_are_checked_for_the_registration_platform ... ok
2026-09-16T07:49:40.7743610Z test dangling_temporary_symlink_is_refused_without_writing_its_destination ... ok
2026-09-16T07:49:40.7746620Z test every_registration_identity_is_config_scoped_and_contains_only_argv ... ok
2026-09-16T07:49:40.7747190Z test linux_user_unit_uses_foreground_run_literal_argv_and_no_restart ... ok
2026-09-16T07:49:40.7774820Z test macos_launch_agent_has_literal_program_arguments_and_never_restarts ... ok
2026-09-16T07:49:40.7795860Z test macos_owned_registration_is_file_only_and_reversible ... ok
2026-09-16T07:49:40.7815240Z test manager_commands_never_start_runtime_or_escalate_privilege ... ok
2026-09-16T07:49:40.7845990Z test predictable_install_path_collisions_are_preserved ... ok
2026-09-16T07:49:40.7875690Z test registered_missing_or_moved_binary_is_exposed_before_update ... ok
2026-09-16T07:49:40.7876250Z test registration_rejects_relative_binary_or_config_paths ... ok
2026-09-16T07:49:40.7884640Z test stale_preview_and_foreign_collision_are_refused_without_overwrite ... ok
2026-09-16T07:49:40.7887060Z test unobserved_login_auth_availability_is_unknown ... ok
2026-09-16T07:49:40.7888340Z test windows_current_user_task_is_interactive_least_privilege_and_continuous ... ok
2026-09-16T07:49:40.7888810Z test windows_percent_paths_are_blocked_before_registration ... ok
2026-09-16T07:49:40.7889320Z test windows_user_identity_is_part_of_the_reviewed_plan_hash ... ok
2026-09-16T07:49:40.8731040Z test cli_requires_exact_preview_hash_and_status_reports_registration_separately ... ok
2026-09-16T07:49:40.8732370Z
2026-09-16T07:49:40.8733310Z test result: ok. 16 passed; 0 failed; 0 ignored; 0 measured; 0 filtered out; finished in 0.10s
2026-09-16T07:49:40.8733770Z
2026-09-16T07:49:40.8734430Z      Running tests/backfill_trace.rs (/Users/runner/work/deskquota/deskquota/native-target/aarch64-apple-darwin/debug/deps/backfill_trace-8cd2611159dd39b0)
2026-09-16T07:49:40.8756840Z
2026-09-16T07:49:40.8757220Z running 0 tests
2026-09-16T07:49:40.8757860Z
2026-09-16T07:49:40.8758270Z test result: ok. 0 passed; 0 failed; 0 ignored; 0 measured; 0 filtered out; finished in 0.00s
2026-09-16T07:49:40.8759040Z      Running tests/benchmark_trace.rs (/Users/runner/work/deskquota/deskquota/native-target/aarch64-apple-darwin/debug/deps/benchmark_trace-eea47277e2ca75d2)
2026-09-16T07:49:40.8761760Z
2026-09-16T07:49:40.8791310Z
2026-09-16T07:49:40.8794630Z running 3 tests
2026-09-16T07:49:40.8802780Z test cap_one_running_long_is_not_preempted_and_cancelled_waiter_never_starts ... ok
2026-09-16T07:49:40.8810470Z test continual_small_arrivals_and_shared_root_cancellation_preserve_heavy ... ok
2026-09-16T07:49:40.8813230Z test both_heavy_light_arrival_orders_account_for_long_timeout ... ok
2026-09-16T07:49:40.8813740Z
2026-09-16T07:49:40.8814050Z test result: ok. 3 passed; 0 failed; 0 ignored; 0 measured; 0 filtered out; finished in 0.00s
2026-09-16T07:49:40.8814510Z
2026-09-16T07:49:40.8819460Z      Running tests/cache_contract.rs (/Users/runner/work/deskquota/deskquota/native-target/aarch64-apple-darwin/debug/deps/cache_contract-d0ae26d8ecb824b9)
2026-09-16T07:49:40.8859860Z
2026-09-16T07:49:40.8863140Z running 27 tests
2026-09-16T07:49:40.8933530Z test a_hit_returns_while_the_single_request_rpm_window_is_exhausted ... ok
2026-09-16T07:49:40.8981180Z test abandoned_downstream_drains_without_committing_and_body_errors_never_cache ... ok
2026-09-16T07:49:40.9066840Z test cache_policy_denominator_includes_bypasses_but_excludes_invalid_ingress ... ok
2026-09-16T07:49:40.9115500Z test cache_control_is_checked_before_connection_scrubbing_and_errors_never_cache ... ok
2026-09-16T07:49:40.9142010Z test cancelled_owner_before_headers_releases_follower_while_draining ... ok
2026-09-16T07:49:40.9188980Z test concurrent_json_exact_requests_share_one_upstream_fill ... ok
2026-09-16T07:49:40.9215560Z test concurrent_sse_exact_requests_share_one_upstream_fill ... ok
2026-09-16T07:49:40.9217740Z test exact_json_hit_skips_admission_and_scrubs_stale_response_metadata ... ok
2026-09-16T07:49:40.9394000Z test failed_owner_releases_follower_for_its_own_attempt_without_sharing_errors ... ok
2026-09-16T07:49:40.9423870Z test first_miss_streams_before_terminal_and_eof_and_only_then_becomes_a_hit ... ok
2026-09-16T07:49:40.9509550Z test incomplete_tool_or_refusal_json_is_forwarded_but_never_stored ... ok
2026-09-16T07:49:40.9617440Z test keys_isolate_roots_credentials_query_options_and_original_body ... ok
2026-09-16T07:49:40.9827370Z test message_stream_lifecycle_and_response_terminal_output_are_validated ... ok
2026-09-16T07:49:40.9927620Z test messages_and_responses_require_complete_text_and_stateless_requests ... ok
2026-09-16T07:49:41.0330740Z test missing_usage_can_cache_complete_text_but_incomplete_or_tool_sse_cannot ... ok
2026-09-16T07:49:41.0430170Z test normal_sse_hit_replays_bytes_but_does_not_double_settle_usage ... ok
2026-09-16T07:49:41.0531590Z test original_vary_retry_metadata_forbids_json_and_sse_storage ... ok
2026-09-16T07:49:41.0630700Z test oversized_chunked_capture_releases_its_budget_before_eof ... ok
2026-09-16T07:49:41.3573530Z test queued_cache_wait_keeps_the_server_deadline ... ok
2026-09-16T07:49:41.3757210Z test queued_json_reuses_completion_during_rpm_or_concurrency_wait ... ok
2026-09-16T07:49:41.3819650Z test queued_reuse_preserves_credentials_cache_control_and_cancellation ... ok
2026-09-16T07:49:41.4032120Z test queued_sse_reuses_completion_during_rpm_or_concurrency_wait ... ok
2026-09-16T07:49:41.4539720Z test responses_reject_malformed_intermediate_payloads_before_valid_completion ... ok
2026-09-16T07:49:41.4642050Z test retry_count_only_reruns_reuse_json_and_sse_and_forward_original_metadata ... ok
2026-09-16T07:49:41.4840140Z test short_text_eligibility_bypasses_history_tools_unknown_options_and_oversized_requests ... ok
2026-09-16T07:49:41.4840950Z test typed_server_rejects_out_of_range_cache_settings ... ok
2026-09-16T07:49:41.9808920Z test expired_entries_miss_and_disabled_cache_does_not_capture ... ok
2026-09-16T07:49:41.9809680Z
2026-09-16T07:49:41.9810070Z test result: ok. 27 passed; 0 failed; 0 ignored; 0 measured; 0 filtered out; finished in 1.09s
2026-09-16T07:49:41.9810550Z
2026-09-16T07:49:41.9813090Z      Running tests/circuit_contract.rs (/Users/runner/work/deskquota/deskquota/native-target/aarch64-apple-darwin/debug/deps/circuit_contract-60277ac81f7e16dc)
2026-09-16T07:49:41.9852950Z
2026-09-16T07:49:41.9856620Z running 7 tests
2026-09-16T07:49:42.4557620Z test body_deadlines_with_slow_downstream_do_not_mark_upstream_unhealthy ... ok
2026-09-16T07:49:42.4678800Z test coalesced_followers_reuse_success_after_the_owners_authorized_429_retry ... ok
2026-09-16T07:49:42.4780880Z test consecutive_503_opens_without_an_extra_attempt_or_quota_charge ... ok
2026-09-16T07:49:42.4882380Z test pre_header_and_body_transport_failures_trip_without_replaying_partial_responses ... ok
2026-09-16T07:49:42.4982810Z test queued_attempts_recheck_open_circuit_before_quota_start ... ok
2026-09-16T07:49:42.5197300Z test scopes_isolate_models_roots_credentials_and_client_errors_do_not_trip ... ok
2026-09-16T07:49:47.0601910Z test cache_hits_survive_open_circuit_and_recovery_admits_one_probe_including_429_retry ... ok
2026-09-16T07:49:47.0669180Z      Running tests/client_profiles.rs (/Users/runner/work/deskquota/deskquota/native-target/aarch64-apple-darwin/debug/deps/client_profiles-bae81f82a3d20eba)
2026-09-16T07:49:47.0670090Z
2026-09-16T07:49:47.0671650Z test result: ok. 7 passed; 0 failed; 0 ignored; 0 measured; 0 filtered out; finished in 5.07s
2026-09-16T07:49:47.0672040Z
2026-09-16T07:49:47.0730560Z
2026-09-16T07:49:47.0730960Z running 31 tests
2026-09-16T07:49:47.0973700Z test claude_discovery_is_version_gated_and_never_implied ... ok
2026-09-16T07:49:47.1418910Z test claude_forward_does_not_treat_gateway_placeholder_as_native_authentication ... ok
2026-09-16T07:49:47.1601000Z test claude_disconnect_refuses_to_restore_native_secret_into_widened_permissions ... ok
2026-09-16T07:49:47.1769090Z test claude_forward_preserves_native_credentials_and_custom_headers ... ok
2026-09-16T07:49:47.2030200Z test claude_forward_refuses_implicit_subscription_login_and_accepts_existing_helper_without_execution ... ok
2026-09-16T07:49:47.2078950Z test claude_native_directory_accepts_a_safe_canonical_parent_alias ... ok
2026-09-16T07:49:47.2698020Z test claude_native_directory_refuses_a_git_tracked_settings_file_before_writes ... ok
2026-09-16T07:49:47.2969500Z test claude_native_scope_is_rechecked_when_git_state_changes_after_preview ... ok
2026-09-16T07:49:47.3012350Z test claude_preserves_existing_env_and_headers_in_private_user_settings ... ok
2026-09-16T07:49:47.3014480Z test claude_project_local_requires_private_and_untracked_confirmation ... ok
2026-09-16T07:49:47.3478060Z test claude_project_local_uses_actual_git_ignore_tracking_and_private_path_checks ... ok
2026-09-16T07:49:47.3490390Z test claude_refuses_higher_priority_environment_and_conflicting_managed_policy ... ok
2026-09-16T07:49:47.3622590Z test claude_project_forward_uses_existing_user_native_credential_source ... ok
2026-09-16T07:49:47.4513490Z test cli_resolves_native_config_directory_and_explicit_home_precedence ... ok
2026-09-16T07:49:47.4868080Z test cli_failed_activation_keeps_reviewed_client_bytes_unchanged ... ok
2026-09-16T07:49:47.5017410Z test cli_tracked_native_claude_target_refuses_before_route_activation_or_client_write ... ok
2026-09-16T07:49:47.5040790Z test codex_refuses_an_unowned_existing_llmgw_provider_collision ... ok
2026-09-16T07:49:47.5357940Z test codex_retired_journal_after_preview_refuses_recreated_value ... ok
2026-09-16T07:49:47.5674960Z test codex_uses_a_separate_responses_profile_and_static_native_header ... ok
2026-09-16T07:49:47.6097420Z test cli_wrong_hash_does_not_restart_a_running_worker_with_pending_route ... ok
2026-09-16T07:49:47.7036160Z test forward_profiles_reference_standard_environment_keys_without_copying_credentials ... ok
2026-09-16T07:49:48.2054480Z test cooperating_disconnect_and_retained_reconnect_never_recreate_a_retired_provider ... ok
2026-09-16T07:49:48.2076300Z test pi_override_home_and_optional_defaults_are_independent_resources ... ok
2026-09-16T07:49:48.2614460Z test pi_profile_previews_absolute_files_and_applies_explicit_model_without_inventing_capabilities ... ok
2026-09-16T07:49:48.2622940Z test pi_refuses_an_unowned_existing_llmgw_provider_collision ... ok
2026-09-16T07:49:48.2722790Z test fresh_setup_save_only_allows_all_client_previews_without_manual_token_seeding ... ok
2026-09-16T07:49:48.3040830Z test pi_retired_journal_after_preview_refuses_recreated_value ... ok
2026-09-16T07:49:48.3442610Z test reconnect_never_adopts_user_changed_pi_or_codex_provider_objects ... ok
2026-09-16T07:49:48.3714460Z test restored_journal_never_reauthorizes_a_recreated_provider_object ... ok
2026-09-16T07:49:48.3722890Z test unsupported_version_or_protocol_is_refused_before_any_write ... ok
2026-09-16T07:49:48.3805690Z test reviewed_hash_is_required_and_reconnect_disconnect_preserves_user_conflicts ... ok
2026-09-16T07:49:48.3809200Z
2026-09-16T07:49:48.3809730Z test result: ok. 31 passed; 0 failed; 0 ignored; 0 measured; 0 filtered out; finished in 1.31s
2026-09-16T07:49:48.3811570Z
2026-09-16T07:49:48.3813040Z      Running tests/config_contract.rs (/Users/runner/work/deskquota/deskquota/native-target/aarch64-apple-darwin/debug/deps/config_contract-25eed5e07f7f1df6)
2026-09-16T07:49:48.3844060Z
2026-09-16T07:49:48.3844500Z running 21 tests
2026-09-16T07:49:48.3862450Z test actual_accounting_is_explicitly_supported ... ok
2026-09-16T07:49:48.3875590Z test api_base_rejects_credentials_non_http_urls_and_fragments ... ok
2026-09-16T07:49:48.3876830Z test auth_modes_require_only_their_own_fields ... ok
2026-09-16T07:49:48.3887980Z test canonical_source_fingerprint_and_state_paths_share_the_explicit_location ... ok
2026-09-16T07:49:48.3889660Z test cancel_policy_defaults_to_drain_and_accepts_only_close ... ok
2026-09-16T07:49:48.3894460Z test config_debug_redacts_upstream_query_values ... ok
2026-09-16T07:49:48.3905160Z test concurrency_defaults_to_one_and_is_bounded ... ok
2026-09-16T07:49:48.3906180Z test defaults_use_actual_and_startup_hold_is_bounded ... ok
2026-09-16T07:49:48.3915050Z test endpoints_are_an_explicit_method_and_path_allowlist ... ok
2026-09-16T07:49:48.3926630Z test env_auth_rejects_transport_reserved_headers ... ok
2026-09-16T07:49:48.3939090Z test exact_cache_table_is_optional_bounded_and_rejects_unknown_fields ... ok
2026-09-16T07:49:48.3944260Z test known_tpm_without_a_default_output_bound_is_valid ... ok
2026-09-16T07:49:48.3968540Z test listen_address_must_be_loopback ... ok
2026-09-16T07:49:48.3994490Z test invalid_scalar_values_are_redacted_from_display_and_debug ... ok
2026-09-16T07:49:48.4002020Z test model_output_bound_is_optional_but_cannot_be_zero ... ok
2026-09-16T07:49:48.4002940Z test lossless_query_rejects_a_raw_config_query_that_url_would_transform ... ok
2026-09-16T07:49:48.4012880Z test quota_modes_are_distinct_and_known_zero_is_rejected ... ok
2026-09-16T07:49:48.4023990Z      Running tests/fairness_contract.rs (/Users/runner/work/deskquota/deskquota/native-target/aarch64-apple-darwin/debug/deps/fairness_contract-864c2cb328464916)
2026-09-16T07:49:48.4024900Z test syntax_errors_report_a_safe_location_without_source_text ... ok
2026-09-16T07:49:48.4026670Z test unknown_fields_are_rejected_without_echoing_the_key_or_input ... ok
2026-09-16T07:49:48.4027790Z test valid_config_preserves_limits_auth_accounting_and_url ... ok
2026-09-16T07:49:48.4028400Z test root_ids_must_be_unique_url_safe_and_limited_to_sixteen ... ok
2026-09-16T07:49:48.4029560Z
2026-09-16T07:49:48.4029890Z test result: ok. 21 passed; 0 failed; 0 ignored; 0 measured; 0 filtered out; finished in 0.02s
2026-09-16T07:49:48.4030360Z
2026-09-16T07:49:48.4117620Z
2026-09-16T07:49:48.4153060Z running 22 tests
2026-09-16T07:49:48.4230480Z test admitted_but_unpolled_waiter_cancel_releases_hold_once ... ok
2026-09-16T07:49:48.4253550Z test admitted_owner_retains_original_wait_start_and_queue_deadline ... ok
2026-09-16T07:49:48.4292080Z test cap_one_running_long_request_is_nonpreemptible ... ok
2026-09-16T07:49:48.4293140Z test bypass_trigger_selects_oldest_valid_head_even_if_it_was_current_fit ... ok
2026-09-16T07:49:48.4294010Z test chosen_barrier_persists_until_its_own_admission_or_removal ... ok
2026-09-16T07:49:48.4295200Z test directly_constructed_config_cannot_create_unbounded_or_ambiguous_roots ... ok
2026-09-16T07:49:48.4296980Z test eight_actual_bypasses_protect_heavy_from_continuous_small_arrivals ... ok
2026-09-16T07:49:48.4297810Z test expired_barrier_removes_head_and_releases_other_root ... ok
2026-09-16T07:49:48.4299870Z test five_seconds_independently_protect_heavy ... ok
2026-09-16T07:49:48.4300880Z test heavy_heavy_light_in_same_root_finishes_in_fifo_order ... ok
2026-09-16T07:49:48.4301360Z test later_fifo_head_keeps_original_age ... ok
2026-09-16T07:49:48.4317650Z test normal_sixteen_root_rr_is_not_a_resource_bypass ... ok
2026-09-16T07:49:48.4321740Z test oldest_valid_barrier_wins_across_roots ... ok
2026-09-16T07:49:48.4324330Z test queued_cancel_never_starts_and_invalid_head_does_not_block ... ok
2026-09-16T07:49:48.4328210Z test control_reports_registered_roots_and_estimated_mode ... ok
2026-09-16T07:49:48.4330450Z test root_fifo_heavy_light_heavy_cannot_skip_its_head ... ok
2026-09-16T07:49:48.4331060Z test root_round_robin_not_global_fifo ... ok
2026-09-16T07:49:48.4355470Z test scans_and_time_events_do_not_count_as_bypasses ... ok
2026-09-16T07:49:48.4568760Z test total_queue_has_64_waiting_metadata_including_all_roots ... ok
2026-09-16T07:49:48.4596030Z test wire_metadata_across_roots_share_rpm_without_tpm ... ok
2026-09-16T07:49:48.4792240Z test wire_root_plus_fifteen_children_share_fifo_and_one_rr_turn ... ok
2026-09-16T07:49:48.4853910Z test wire_64_total_waiters_overflow_429_and_rst_never_start ... ok
2026-09-16T07:49:48.4854230Z
2026-09-16T07:49:48.4854430Z test result: ok. 22 passed; 0 failed; 0 ignored; 0 measured; 0 filtered out; finished in 0.07s
2026-09-16T07:49:48.4854770Z
2026-09-16T07:49:48.4857810Z      Running tests/input_estimation_contract.rs (/Users/runner/work/deskquota/deskquota/native-target/aarch64-apple-darwin/debug/deps/input_estimation_contract-e35c7af62ae398c9)
2026-09-16T07:49:48.4896610Z
2026-09-16T07:49:48.4896960Z running 6 tests
2026-09-16T07:49:48.4898430Z test default_build_does_not_fall_back_to_byte_counts ... ok
2026-09-16T07:49:48.4899810Z test bytes_count_and_invalid_allowance_stay_available ... ok
2026-09-16T07:49:48.4929590Z test default_build_rejects_bpe_config_for_every_quota_kind ... ok
2026-09-16T07:49:48.4932090Z test default_build_rejects_typed_bpe_before_binding ... ok
2026-09-16T07:49:48.4942050Z test estimator_defaults_and_invalid_config_are_explicit ... ok
2026-09-16T07:49:48.4959920Z test estimator_admission_preserves_body_output_and_stream_usage ... ok
2026-09-16T07:49:48.4960210Z
2026-09-16T07:49:48.4960410Z test result: ok. 6 passed; 0 failed; 0 ignored; 0 measured; 0 filtered out; finished in 0.01s
2026-09-16T07:49:48.4960700Z
2026-09-16T07:49:48.4963010Z      Running tests/lifecycle_contract.rs (/Users/runner/work/deskquota/deskquota/native-target/aarch64-apple-darwin/debug/deps/lifecycle_contract-1afd2f66c7147d25)
2026-09-16T07:49:48.5006830Z
2026-09-16T07:49:48.5007260Z running 27 tests
2026-09-16T07:49:48.6201740Z test concurrent_on_has_one_identity ... ok
2026-09-16T07:49:48.6675380Z test changed_config_requires_restart_and_invalid_edit_can_stop_old_port ... ok
2026-09-16T07:49:48.7055000Z test control_stop_rejects_a_previous_instance_nonce ... ok
2026-09-16T07:49:48.7531820Z test deleted_config_never_guesses_a_state_identity ... ok
2026-09-16T07:49:48.7850450Z test edited_listen_port_off_reaches_recorded_address ... ok
2026-09-16T07:49:48.8829190Z test empty_queue_reports_shared_cooldown_without_a_new_request ... ok
2026-09-16T07:49:48.9245090Z test existing_read_only_private_tokens_need_no_permission_changes ... ok
2026-09-16T07:49:48.9738850Z test held_lock_with_unknown_identity_is_failed_json_and_never_killed ... ok
2026-09-16T07:49:49.0106130Z test known_quota_is_ready_with_empty_queue_startup_hold ... ok
2026-09-16T07:49:49.0501420Z test loopback_control_ignores_proxy_environment ... ok
2026-09-16T07:49:49.0627240Z test mac_extended_acl_is_rejected_before_token_write ... ok
2026-09-16T07:49:49.0983180Z test mac_existing_token_acl_is_rejected_and_preserved ... ok
2026-09-16T07:49:49.1169340Z test malformed_stopped_config_never_provisions_tokens ... ok
2026-09-16T07:49:49.1518070Z test malformed_running_config_requires_restart_without_replacing_worker ... ok
2026-09-16T07:49:49.1555070Z test occupied_port_does_not_stop_unrelated_listener ... ok
2026-09-16T07:49:49.2275430Z test ordinary_status_exposes_quota_modes_without_inventing_remaining_capacity ... ok
2026-09-16T07:49:49.8880680Z test restart_invalid_edit_while_waiting_preserves_existing_identity ... ok
2026-09-16T07:49:50.6544890Z test restart_path_retarget_while_waiting_never_switches_instance ... ok
2026-09-16T07:49:50.7558000Z test restart_preflights_ca_without_stopping_authenticated_worker_or_contacting_upstream ... ok
2026-09-16T07:49:51.4335590Z test restart_valid_edit_while_waiting_uses_latest_fingerprint ... ok
2026-09-16T07:49:51.5968730Z test same_directory_configs_have_independent_workers ... ok
2026-09-16T07:49:51.7467570Z test stale_pid_never_kills_an_unrelated_process ... ok
2026-09-16T07:49:52.2236480Z test stale_port_log_cannot_classify_a_new_config_failure ... ok
2026-09-16T07:49:52.3695070Z test stale_record_of_owned_unrelated_child_preserves_child_and_lock_file ... ok
2026-09-16T07:49:52.3833720Z test stopped_is_success_and_off_is_idempotent ... ok
2026-09-16T07:49:52.3904690Z test weak_existing_state_permissions_are_rejected_without_chmod ... ok
2026-09-16T07:49:59.2816450Z test off_drains_a_live_request_closes_sockets_and_exposes_draining ... ok
2026-09-16T07:49:59.2816930Z
2026-09-16T07:49:59.2817150Z test result: ok. 27 passed; 0 failed; 0 ignored; 0 measured; 0 filtered out; finished in 10.78s
2026-09-16T07:49:59.2817440Z
2026-09-16T07:49:59.2819570Z      Running tests/patch_contract.rs (/Users/runner/work/deskquota/deskquota/native-target/aarch64-apple-darwin/debug/deps/patch_contract-a9a67cc1da80ba59)
2026-09-16T07:49:59.2850170Z
2026-09-16T07:49:59.2850440Z running 49 tests
2026-09-16T07:49:59.2865540Z test absent_case_distinct_files_keep_independent_locks_on_case_sensitive_filesystems ... ok
2026-09-16T07:49:59.2944260Z test absent_case_aliases_contend_on_the_actual_filesystem_lock ... ok
2026-09-16T07:49:59.2950550Z test absent_unicode_aliases_contend_when_the_filesystem_equates_them ... ok
2026-09-16T07:49:59.3265770Z test adjacent_resource_lock_preserves_an_existing_ordinary_parent_mode ... ok
2026-09-16T07:49:59.3269780Z test apply_and_restore_use_the_same_transaction_lock ... ok
2026-09-16T07:49:59.3276730Z test apply_requires_exact_preview_hash_and_rechecks_concurrent_edits ... ok
2026-09-16T07:49:59.3333970Z test case_aliases_share_a_lock_when_the_filesystem_equates_them ... ok
2026-09-16T07:49:59.3334960Z test config_patch_crash_child ... ok
2026-09-16T07:49:59.3335480Z test config_patch_created_reconnect_crash_child ... ok
2026-09-16T07:49:59.3335770Z test config_patch_lock_path_child ... ok
2026-09-16T07:49:59.3336110Z test config_patch_redaction_child ... ok
2026-09-16T07:49:59.3403120Z test cooperating_editors_share_one_lock_namespace_across_different_journals ... ok
2026-09-16T07:49:59.3487170Z test comments_only_json_keeps_comment_markers_inside_strings_as_data ... ok
2026-09-16T07:49:59.3828460Z test disconnect_preserves_user_owned_key_change_but_restores_other_owned_keys ... ok
2026-09-16T07:49:59.3898740Z test created_file_user_field_and_comment_survive_reconnect_and_restore ... ok
2026-09-16T07:49:59.4189320Z test failed_created_file_reconnect_keeps_last_verified_removal_boundary ... ok
2026-09-16T07:49:59.4286250Z test failed_repeated_connect_keeps_the_last_verified_owned_value_recoverable ... ok
2026-09-16T07:49:59.4557720Z test failed_unowned_absent_target_uses_user_file_as_first_preownership_snapshot ... ok
2026-09-16T07:49:59.4611800Z test failed_unowned_existing_target_removed_before_retry_is_owned_as_created ... ok
2026-09-16T07:49:59.5284580Z test interrupted_process_leaves_stageful_journal_and_restores_written_resources ... ok
2026-09-16T07:49:59.5296490Z test interrupted_created_file_reconnect_keeps_verified_removal_boundary ... ok
2026-09-16T07:49:59.5300450Z test json_validation_rejects_non_json_whitespace_and_raw_string_controls ... ok
2026-09-16T07:49:59.5842310Z test jsonc_apply_and_restore_preserve_comments_unrelated_keys_and_hide_tokens ... ok
2026-09-16T07:49:59.5845030Z test missing_parent_alias_follows_native_path_resolution_before_writing ... ok
2026-09-16T07:49:59.5852040Z test missing_resource_lock_uses_the_adjacent_filename_and_fixed_suffix ... ok
2026-09-16T07:49:59.7007880Z test newly_created_file_is_removed_only_while_its_exact_bytes_are_owned ... ok
2026-09-16T07:49:59.7054650Z test later_unstarted_absent_target_uses_user_file_as_first_preownership_snapshot ... ok
2026-09-16T07:49:59.7452520Z test ordinary_non_token_patch_preserves_existing_mode_and_macos_acl ... ok
2026-09-16T07:49:59.7464730Z test ordinary_toml_marker_shaped_table_is_not_misclassified_as_datetime ... ok
2026-09-16T07:49:59.7976550Z test partial_three_file_apply_records_and_preserves_every_reviewed_target ... ok
2026-09-16T07:49:59.7991070Z test partial_two_file_apply_is_explicit_and_recoverable ... ok
2026-09-16T07:49:59.8004670Z test project_shared_token_and_non_data_credentials_are_refused_before_writing ... ok
2026-09-16T07:49:59.8423820Z test public_provider_object_restores_as_one_owned_value ... ok
2026-09-16T07:50:00.1418910Z test partial_two_file_restore_is_explicit_and_recoverable ... ok
2026-09-16T07:50:00.1561330Z test reconnect_rejects_ancestor_then_descendant_ownership_overlap ... ok
2026-09-16T07:50:00.1789020Z test reconnect_rejects_descendant_then_ancestor_ownership_overlap ... ok
2026-09-16T07:50:00.1888230Z test resource_lock_identity_does_not_depend_on_process_temp_directory ... ok
2026-09-16T07:50:00.2033840Z test repeated_connect_keeps_first_preownership_value_and_one_resource_record ... ok
2026-09-16T07:50:00.2065040Z test strict_json_and_comments_only_json_refuse_ambiguous_or_unsupported_grammar ... ok
2026-09-16T07:50:00.2254390Z test restore_uses_the_same_resource_identity_as_an_alias_apply ... ok
2026-09-16T07:50:00.2264540Z test toml_owned_datetime_is_refused_before_client_write ... ok
2026-09-16T07:50:00.2300800Z test toml_owned_nested_datetime_subtrees_are_refused ... ok
2026-09-16T07:50:00.2320420Z test toml_owned_nested_nonfinite_replacement_and_removal_are_refused ... ok
2026-09-16T07:50:00.2345810Z test toml_owned_nonfinite_scalars_are_refused_before_state_or_client_write ... ok
2026-09-16T07:50:00.2387290Z test toml_apply_and_restore_preserve_comments_and_unrelated_user_edits ... ok
2026-09-16T07:50:00.2714400Z test typed_secret_debug_diff_output_journal_and_summaries_are_redacted ... ok
2026-09-16T07:50:00.2832890Z test unchanged_created_file_remains_removable_after_reconnect ... ok
2026-09-16T07:50:00.3021720Z test unrelated_nonfinite_and_owned_finite_toml_floats_roundtrip ... ok
2026-09-16T07:50:00.3089690Z test unrelated_toml_datetime_survives_normal_string_edit_and_restore ... ok
2026-09-16T07:50:00.3090020Z
2026-09-16T07:50:00.3090610Z test result: ok. 49 passed; 0 failed; 0 ignored; 0 measured; 0 filtered out; finished in 1.02s
2026-09-16T07:50:00.3091000Z
2026-09-16T07:50:00.3093910Z      Running tests/quota_contract.rs (/Users/runner/work/deskquota/deskquota/native-target/aarch64-apple-darwin/debug/deps/quota_contract-88b1dfc18b4903c4)
2026-09-16T07:50:00.3124130Z
2026-09-16T07:50:00.3124380Z running 16 tests
2026-09-16T07:50:00.3126140Z test actual_settles_once_and_excess_creates_debt ... ok
2026-09-16T07:50:00.3126660Z test configurable_startup_hold_does_not_change_the_sixty_second_quota_window ... ok
2026-09-16T07:50:00.3127150Z test estimated_cost_addition_cannot_wrap_and_metadata_needs_no_tpm ... ok
2026-09-16T07:50:00.3127600Z test expired_unknown_usage_has_no_fresh_credit_and_time_cannot_move_backwards ... ok
2026-09-16T07:50:00.3128230Z test joint_admission_does_not_hold_quota_while_concurrency_is_full ... ok
2026-09-16T07:50:00.3129010Z test late_usage_is_new_debit_and_old_identity_cannot_refund_new_work ... ok
2026-09-16T07:50:00.3129580Z test metadata_never_recharges_but_other_zero_costs_keep_late_usage_debt ... ok
2026-09-16T07:50:00.3130390Z test provisional_holds_never_expire_and_queued_candidates_hold_nothing ... ok
2026-09-16T07:50:00.3131000Z test reservation_diagnostics_record_known_zero_unknown_and_expired_attempts_once ... ok
2026-09-16T07:50:00.3131670Z test reservation_diagnostics_sum_wide_original_reservations_and_usage ... ok
2026-09-16T07:50:00.3132480Z test reserved_retains_full_estimate_and_unknown_actual_does_too ... ok
2026-09-16T07:50:00.3132820Z test restart_hold_expires_exactly_at_sixty_seconds ... ok
2026-09-16T07:50:00.3133130Z test resume_recomputes_window_without_accumulated_burst ... ok
2026-09-16T07:50:00.3133460Z test rpm_debits_only_on_start_and_never_refunds_on_finish ... ok
2026-09-16T07:50:00.3133840Z test unsupported_and_unknown_limits_are_not_zero_or_provider_unlimited_claims ... ok
2026-09-16T07:50:03.1643800Z test maximum_retained_entries_wait_instead_of_losing_unexpired_debits ... ok
2026-09-16T07:50:03.1644140Z
2026-09-16T07:50:03.1648620Z      Running tests/resource_bounds.rs (/Users/runner/work/deskquota/deskquota/native-target/aarch64-apple-darwin/debug/deps/resource_bounds-6f9b3532b3dbb340)
2026-09-16T07:50:03.1649320Z test result: ok. 16 passed; 0 failed; 0 ignored; 0 measured; 0 filtered out; finished in 2.85s
2026-09-16T07:50:03.1651790Z
2026-09-16T07:50:03.1695970Z
2026-09-16T07:50:03.1712660Z running 7 tests
2026-09-16T07:50:03.1786950Z test declared_body_cap_uses_protocol_error_and_starts_no_wire_attempt ... ok
2026-09-16T07:50:03.2031370Z test ingress_128_connections_cap_rejects_129th_and_reopens_after_release ... ok
2026-09-16T07:50:03.2606580Z test original_request_deadline_includes_a_slow_partial_body ... ok
2026-09-16T07:50:03.4558610Z test sixty_four_barrier_released_writers_account_for_every_memory_pressure_outcome ... ok
2026-09-16T07:50:03.4960780Z test sixty_four_partial_bodies_release_memory_on_rejection_and_another_request_progresses ... ok
2026-09-16T07:50:03.6353850Z test slow_downstream_lifetimes_bound_delivery_and_release_workers_queue_and_bodies ... ok
2026-09-16T07:50:33.2219260Z test production_header_and_body_read_timeouts_release_slow_senders ... ok
2026-09-16T07:50:33.2222150Z
2026-09-16T07:50:33.2223110Z test result: ok. 7 passed; 0 failed; 0 ignored; 0 measured; 0 filtered out; finished in 30.04s
2026-09-16T07:50:33.2231600Z
2026-09-16T07:50:33.2262720Z      Running tests/retry_contract.rs (/Users/runner/work/deskquota/deskquota/native-target/aarch64-apple-darwin/debug/deps/retry_contract-73a756a697a33098)
2026-09-16T07:50:33.2404580Z
2026-09-16T07:50:33.2404870Z running 24 tests
2026-09-16T07:50:33.2826900Z test chunked_error_observation_overflow_is_transparent_and_never_replayed ... ok
2026-09-16T07:50:33.2836140Z test canceled_retry_queue_releases_request_body_and_never_starts_a_second_attempt ... ok
2026-09-16T07:50:33.3019490Z test invalid_delay_does_not_turn_recognized_body_into_an_early_retry ... ok
2026-09-16T07:50:33.3070660Z test invalid_utf8_in_ignored_error_payload_cannot_qualify_replay ... ok
2026-09-16T07:50:33.3072640Z test library_retry_wait_has_no_slot_preserves_age_deadline_and_unknown_tpm_debt ... ok
2026-09-16T07:50:33.3092060Z test opt_in_replays_recognized_rejection_once_with_exact_body_and_two_rpm_charges ... ok
2026-09-16T07:50:33.3111540Z test full_queue_on_retry_returns_protocol_429_and_is_not_a_deadline ... ok
2026-09-16T07:50:33.3131950Z test opted_post_retry_preserves_the_identical_wire_body_and_headers ... ok
2026-09-16T07:50:33.3180810Z test ordinary_rate_limit_code_accepts_only_compatible_type ... ok
2026-09-16T07:50:33.3411930Z test permanent_unknown_conflicting_malformed_encoded_and_oversized_errors_are_not_replayed ... ok
2026-09-16T07:50:33.5086160Z test positive_decimal_overflow_keeps_group_blocked_for_new_clients_even_with_zero_header ... ok
2026-09-16T07:50:33.5210140Z test opted_retry_deadline_keeps_cooldown_for_the_next_client ... ok
2026-09-16T07:50:33.5556100Z test real_retry_reenters_known_rpm_and_has_no_slot_while_waiting ... ok
2026-09-16T07:50:33.8233290Z test pre_head_rejection_body_failure_returns_502_keeps_cooldown_and_unknown_debt ... ok
2026-09-16T07:50:33.8249080Z test rejection_head_skipped_probe_keeps_429_when_body_later_truncates ... ok
2026-09-16T07:50:33.8376390Z test rejection_head_streams_when_body_cannot_change_retry_or_cooldown ... ok
2026-09-16T07:50:34.7588660Z test recognized_without_header_waits_one_second_with_jitter_and_replays_only_once ... ok
2026-09-16T07:50:35.0688540Z test retry_after_survives_request_deadline_and_new_root_metadata_client ... ok
2026-09-16T07:50:35.0690730Z test retry_original_queue_deadline_expires_without_acquiring_or_refreshing_age ... ok
2026-09-16T07:50:35.0828410Z test retry_veto_false_fields_block_replay_without_expanding_true ... ok
2026-09-16T07:50:35.3400560Z test retry_veto_preserves_cooldown_and_only_skips_unneeded_body_probe ... ok
2026-09-16T07:50:35.7224710Z test rejection_head_waits_when_body_still_decides_retry_or_missing_timing_cooldown ... ok
2026-09-16T07:50:35.7297120Z test socket_ambiguity_503_redirect_and_partial_stream_have_exactly_one_wire_attempt_even_opted_in ... ok
2026-09-16T07:50:35.8446570Z test seconds_http_date_and_ms_share_cooldown_even_with_retry_off ... ok
2026-09-16T07:50:35.8446860Z
2026-09-16T07:50:35.8447080Z test result: ok. 24 passed; 0 failed; 0 ignored; 0 measured; 0 filtered out; finished in 2.60s
2026-09-16T07:50:35.8447370Z
2026-09-16T07:50:35.8454580Z      Running tests/setup_contract.rs (/Users/runner/work/deskquota/deskquota/native-target/aarch64-apple-darwin/debug/deps/setup_contract-bea16c12081b9cf7)
2026-09-16T07:50:35.8594110Z
2026-09-16T07:50:35.8594540Z running 50 tests
2026-09-16T07:50:35.9297860Z test apply_rejects_a_stale_preview_and_preserves_the_concurrent_edit ... ok
2026-09-16T07:50:35.9375550Z test cache_setup_enables_preserves_edits_and_removes_only_the_requested_table ... ok
2026-09-16T07:50:35.9379900Z test client_route_is_added_without_rewriting_existing_routes_or_models ... ok
2026-09-16T07:50:35.9430970Z test default_build_rejects_bpe_draft_before_replacing_existing_config ... ok
2026-09-16T07:50:35.9974960Z test bare_configured_command_means_on_and_reaches_authenticated_readiness ... ok
2026-09-16T07:50:36.0121420Z test doctor_default_is_offline_and_reports_static_auth_availability ... ok
2026-09-16T07:50:36.0267580Z test doctor_inference_is_one_explicit_bounded_call_and_no_listing ... ok
2026-09-16T07:50:36.0418670Z test doctor_inference_rejects_http_200_without_generation_evidence ... ok
2026-09-16T07:50:36.0562090Z test doctor_inference_rejects_provider_failed_response ... ok
2026-09-16T07:50:36.0621460Z test desired_config_matching_worker_avoids_restart_even_when_disk_was_pending ... ok
2026-09-16T07:50:36.0703260Z test doctor_missing_terminal_env_keeps_unobserved_login_auth_unknown ... ok
2026-09-16T07:50:36.0769150Z test doctor_network_is_one_bounded_models_get_without_inference ... ok
2026-09-16T07:50:36.0898200Z test edited_existing_config_preserves_its_extended_acl ... ok
2026-09-16T07:50:36.0923640Z test edited_existing_config_preserves_its_permissions ... ok
2026-09-16T07:50:36.1003410Z test endpoint_and_model_edits_preserve_unrelated_document_comments_and_routes ... ok
2026-09-16T07:50:36.1006770Z test existing_invalid_token_is_preserved_and_reports_partial_state_initialization ... ok
2026-09-16T07:50:36.1041710Z test explicit_command_with_missing_config_is_unconfigured_exit_two ... ok
2026-09-16T07:50:36.1638890Z test explicit_ca_bundle_merges_with_system_trust_for_owned_tls_upstream ... ok
2026-09-16T07:50:36.1649410Z test explicit_proxy_is_used_for_non_loopback_upstream_without_environment_proxy ... ok
2026-09-16T07:50:36.2077760Z test explicit_proxy_bypasses_owned_loopback_upstream ... ok
2026-09-16T07:50:36.2082070Z test invalid_base_is_rejected_before_model_listing_network_call ... ok
2026-09-16T07:50:36.2187610Z test fresh_save_only_initializes_private_tokens_without_starting_and_preserves_identity ... ok
2026-09-16T07:50:36.2271520Z test invalid_config_and_missing_inference_arguments_exit_two ... ok
2026-09-16T07:50:36.2274050Z test missing_env_is_distinct_from_valid_static_configuration_and_redacts_value ... ok
2026-09-16T07:50:36.2282950Z test listing_404_is_explained_and_manual_model_can_still_be_saved ... ok
2026-09-16T07:50:36.2311580Z test non_tty_first_run_exits_two_without_waiting_or_creating_files ... ok
2026-09-16T07:50:36.2312540Z test presets_only_supply_defaults_and_never_claim_protocol_or_local_start ... ok
2026-09-16T07:50:36.2313430Z test quota_known_unknown_and_unlimited_are_typed_and_zero_is_rejected ... ok
2026-09-16T07:50:36.2462940Z test relative_config_is_fixed_from_invocation_directory ... ok
2026-09-16T07:50:36.2511710Z test rerun_noop_preserves_exact_bytes_and_scalar_edit_preserves_inline_comment ... ok
2026-09-16T07:50:36.2559910Z test rerun_preserves_multiroot_models_retry_and_accounting_until_explicitly_changed ... ok
2026-09-16T07:50:36.2663860Z test save_and_rerun_preserve_minimal_pending_intents_without_credentials ... ok
2026-09-16T07:50:36.3230460Z test pending_restart_without_preview_consent_is_refused_before_apply ... ok
2026-09-16T07:50:36.3599070Z test save_only_never_repairs_a_missing_token_under_a_running_worker ... ok
2026-09-16T07:50:36.4055340Z test save_only_starts_no_process_and_real_on_reaches_authenticated_readiness ... ok
2026-09-16T07:50:36.4110140Z test scalar_edit_preserves_valid_inline_auth_and_quota_tables_without_panicking ... ok
2026-09-16T07:50:36.4119310Z test scripted_wizard_accepts_local_corporate_and_external_presets ... ok
2026-09-16T07:50:36.4123690Z test scripted_wizard_supports_back_and_cancel_without_writes ... ok
2026-09-16T07:50:36.4175070Z test setup_refuses_a_config_symlink_even_when_target_bytes_are_unchanged ... ok
2026-09-16T07:50:36.4277070Z test setup_writer_lock_rejects_a_second_cooperating_apply ... ok
2026-09-16T07:50:36.4370090Z test state_initialization_failure_reports_partial_apply_and_never_starts_worker ... ok
2026-09-16T07:50:36.4416860Z test structured_edits_preserve_inline_model_and_root_table_forms ... ok
2026-09-16T07:50:36.4426250Z test summary_resolves_paths_and_joins_prefix_and_v1_exactly_once ... ok
2026-09-16T07:50:36.4439770Z test summary_shows_exact_quota_limits_and_concurrency_before_apply ... ok
2026-09-16T07:50:36.4440370Z test typed_draft_preserves_invalid_api_base_error_until_validation ... ok
2026-09-16T07:50:36.4440970Z test typed_draft_preserves_invalid_proxy_error_instead_of_dropping_proxy ... ok
2026-09-16T07:50:36.4615510Z test saved_pending_config_is_detected_from_the_authenticated_worker_fingerprint ... ok
2026-09-16T07:50:36.5326320Z test unchanged_save_and_start_keeps_the_authenticated_worker_identity ... ok
2026-09-16T07:50:36.5428540Z test valid_request_bounded_model_needs_no_invented_fallback ... ok
2026-09-16T07:50:36.5485610Z test unverified_running_worker_refuses_start_or_restart_before_writing ... ok
2026-09-16T07:50:36.5486480Z
2026-09-16T07:50:36.5486840Z test result: ok. 50 passed; 0 failed; 0 ignored; 0 measured; 0 filtered out; finished in 0.69s
2026-09-16T07:50:36.5487140Z
2026-09-16T07:50:36.5489040Z      Running tests/stream_lifetime.rs (/Users/runner/work/deskquota/deskquota/native-target/aarch64-apple-darwin/debug/deps/stream_lifetime-d8aab271afadf962)
2026-09-16T07:50:36.5624490Z
2026-09-16T07:50:36.5624840Z running 32 tests
2026-09-16T07:50:36.7609160Z test absolute_deadline_covers_silent_upstream_body ... ok
2026-09-16T07:50:36.9033360Z test absolute_deadline_covers_blocked_downstream_delivery ... ok
2026-09-16T07:50:36.9052370Z test anthropic_decreasing_cumulative_usage_is_unknown ... ok
2026-09-16T07:50:36.9068060Z test anthropic_output_usage_is_cumulative_not_summed ... ok
2026-09-16T07:50:36.9082050Z test anthropic_provisional_output_without_final_delta_usage_is_unknown ... ok
2026-09-16T07:50:36.9096050Z test chat_cached_usage_is_preserved_without_double_counting_input ... ok
2026-09-16T07:50:36.9109790Z test chat_empty_choices_final_usage_is_observed ... ok
2026-09-16T07:50:36.9123830Z test chat_explicit_zero_cached_usage_is_known ... ok
2026-09-16T07:50:36.9139100Z test absolute_deadline_covers_silent_upstream_headers ... ok
2026-09-16T07:50:36.9151730Z test close_policy_terminates_socket ... ok
2026-09-16T07:50:36.9159720Z test chat_malformed_cache_or_decreasing_usage_is_unknown ... ok
2026-09-16T07:50:36.9168960Z test first_event_arrives_before_eof ... ok
2026-09-16T07:50:37.0200980Z test forced_shutdown_joins_a_worker_blocked_before_body_eof ... ok
2026-09-16T07:50:37.0277400Z test disconnect_drains_without_releasing_slot ... ok
2026-09-16T07:50:37.0278320Z test huge_comment_does_not_poison_later_usage ... ok
2026-09-16T07:50:37.0278950Z test huge_event_marks_usage_unknown ... ok
2026-09-16T07:50:37.0279630Z test incomplete_trailing_sse_event_is_not_dispatched ... ok
2026-09-16T07:50:37.0519780Z test known_tpm_drain_long_stream_charges_late_usage_and_blocks_next_attempt ... ok
2026-09-16T07:50:37.0531900Z test pre_header_close_policy_closes_upstream_socket ... ok
2026-09-16T07:50:37.1312420Z test metadata_endpoint_shares_stream_capacity ... ok
2026-09-16T07:50:37.1329300Z test public_spawn_rejects_constructed_concurrency_outside_fixed_range ... ok
2026-09-16T07:50:37.1586150Z test pre_header_disconnect_drains_and_holds_slot ... ok
2026-09-16T07:50:37.2625960Z test request_write_half_close_remains_valid_while_upstream_is_silent ... ok
2026-09-16T07:50:37.2641120Z test responses_completed_nested_usage_is_observed ... ok
2026-09-16T07:50:37.2655170Z test responses_malformed_cached_usage_is_unknown ... ok
2026-09-16T07:50:37.3382000Z test queued_disconnect_never_starts_upstream ... ok
2026-09-16T07:50:37.3483500Z test split_utf8_and_sse_bytes_preserved ... ok
2026-09-16T07:50:37.3583640Z test sse_bom_crlf_and_multiline_data_are_observed_without_rewriting ... ok
2026-09-16T07:50:37.3973450Z test slow_reader_has_a_bounded_application_queue ... ok
2026-09-16T07:50:37.3989700Z test terminal_cleanup_happens_once ... ok
2026-09-16T07:50:37.4005680Z test upstream_body_error_is_not_a_clean_downstream_eof ... ok
2026-09-16T07:50:37.4470450Z test stop_drains_active_worker_before_returning ... ok
2026-09-16T07:50:37.4470690Z
2026-09-16T07:50:37.4470910Z test result: ok. 32 passed; 0 failed; 0 ignored; 0 measured; 0 filtered out; finished in 0.88s
2026-09-16T07:50:37.4471210Z
2026-09-16T07:50:37.4479710Z      Running tests/task5_usage_contract.rs (/Users/runner/work/deskquota/deskquota/native-target/aarch64-apple-darwin/debug/deps/task5_usage_contract-c26dd03afdbe666c)
2026-09-16T07:50:37.4609330Z
2026-09-16T07:50:37.4609640Z running 31 tests
2026-09-16T07:50:37.4978130Z test chat_final_usage_must_precede_done ... ok
2026-09-16T07:50:37.4985250Z test chat_error_cannot_leave_successful_usage_for_refund ... ok
2026-09-16T07:50:37.4992940Z test chat_missing_choices_usage_is_not_a_final_report ... ok
2026-09-16T07:50:37.5009520Z test chat_nonempty_choices_usage_is_not_a_final_report ... ok
2026-09-16T07:50:37.5014490Z test chat_malformed_choices_usage_is_not_a_final_report ... ok
2026-09-16T07:50:37.5015150Z test chat_null_usage_delta_then_final_report_preserves_cached_subset ... ok
2026-09-16T07:50:37.5017650Z test chat_numeric_interim_usage_does_not_replace_supported_final_report ... ok
2026-09-16T07:50:37.5033230Z test consistent_repeated_terminal_reports_and_unknown_events_remain_supported ... ok
2026-09-16T07:50:37.5069630Z test json_actual_creates_debt_reserved_keeps_estimate_and_tool_stops_settle ... ok
2026-09-16T07:50:37.5092530Z test json_final_usage_reconciles_all_three_endpoints ... ok
2026-09-16T07:50:37.5273580Z test json_unknown_representations_and_incomplete_bodies_keep_reservations ... ok
2026-09-16T07:50:37.5282920Z test messages_error_after_final_stop_keeps_reservation ... ok
2026-09-16T07:50:37.5292160Z test messages_error_before_final_stop_keeps_reservation ... ok
2026-09-16T07:50:37.5301390Z test messages_named_error_event_without_json_type_keeps_reservation ... ok
2026-09-16T07:50:37.5310280Z test named_error_event_without_json_error_field_invalidates_chat_usage ... ok
2026-09-16T07:50:37.5318860Z test named_error_event_without_json_type_invalidates_responses_usage ... ok
2026-09-16T07:50:37.5328280Z test quality_messages_non_accounting_events_after_stop_preserve_final_usage ... ok
2026-09-16T07:50:37.5337570Z test quality_messages_ordered_start_delta_stop_settles_known_usage ... ok
2026-09-16T07:50:37.5354860Z test quality_messages_qualified_usage_then_post_stop_delta_is_unknown ... ok
2026-09-16T07:50:37.5372900Z test quality_messages_qualified_usage_then_post_stop_start_is_unknown ... ok
2026-09-16T07:50:37.5381160Z test quality_messages_start_stop_delta_cannot_qualify_final_usage ... ok
2026-09-16T07:50:37.5390210Z test quality_messages_stop_start_delta_cannot_qualify_final_usage ... ok
2026-09-16T07:50:37.5416150Z test reserved_accounting_keeps_estimate_with_valid_supported_final_usage ... ok
2026-09-16T07:50:37.5441730Z test responses_conflicting_nested_status_or_error_keeps_reservation ... ok
2026-09-16T07:50:37.5459350Z test responses_error_before_or_after_completed_keeps_reservation ... ok
2026-09-16T07:50:37.5468280Z test responses_failed_after_completed_keeps_reservation ... ok
2026-09-16T07:50:37.5478180Z test responses_failed_before_completed_keeps_reservation ... ok
2026-09-16T07:50:37.5487860Z test responses_incomplete_after_completed_keeps_reservation ... ok
2026-09-16T07:50:37.5497550Z test responses_incomplete_before_completed_keeps_reservation ... ok
2026-09-16T07:50:37.5506820Z test responses_later_completed_without_usage_cannot_reuse_stale_usage ... ok
2026-09-16T07:50:37.7171440Z test json_chunks_forward_before_eof_and_close_error_deadline_never_refund ... ok
2026-09-16T07:50:37.7171770Z
2026-09-16T07:50:37.7172000Z test result: ok. 31 passed; 0 failed; 0 ignored; 0 measured; 0 filtered out; finished in 0.26s
2026-09-16T07:50:37.7172300Z
2026-09-16T07:50:37.7175180Z      Running tests/wire_contract.rs (/Users/runner/work/deskquota/deskquota/native-target/aarch64-apple-darwin/debug/deps/wire_contract-faed043df122a047)
2026-09-16T07:50:37.7365040Z
2026-09-16T07:50:37.7365310Z running 46 tests
2026-09-16T07:50:37.7926040Z test admitted_prestart_reset_releases_joint_hold_once_without_http_attempt ... ok
2026-09-16T07:50:37.7934200Z test body_is_unchanged ... ok
2026-09-16T07:50:37.7943130Z test browser_origin_is_rejected_before_body_read ... ok
2026-09-16T07:50:37.7946980Z test control_rejects_data_token ... ok
2026-09-16T07:50:37.7950770Z test control_rejects_origin ... ok
2026-09-16T07:50:37.7956140Z test actual_wire_usage_cache_semantics_and_unknown_usage_keep_correct_debits ... ok
2026-09-16T07:50:37.7958150Z test data_token_is_stripped ... ok
2026-09-16T07:50:37.7962070Z test empty_query_presence_is_rejected_instead_of_silently_dropped ... ok
2026-09-16T07:50:37.7969060Z test duplicate_top_level_inspected_fields_are_rejected_before_upstream ... ok
2026-09-16T07:50:37.7970400Z test env_auth_removes_both_old_credentials ... ok
2026-09-16T07:50:37.7987230Z test forward_auth_is_unchanged ... ok
2026-09-16T07:50:37.7987580Z test gzip_response_status_headers_and_compressed_bytes_are_unchanged ... ok
2026-09-16T07:50:37.7988030Z test invalid_utf8_in_ignored_json_values_is_rejected_before_upstream ... ok
2026-09-16T07:50:37.7988470Z test hop_by_hop_and_connection_nominated_headers_are_scrubbed_both_directions ... ok
2026-09-16T07:50:37.8381880Z test known_quota_queue_deadline_holds_no_resources_and_starts_no_http ... ok
2026-09-16T07:50:37.8382430Z test known_quota_production_startup_holds_before_any_http_attempt ... ok
2026-09-16T07:50:37.8382840Z test known_tpm_cannot_be_bypassed_by_caps_modalities_or_nested_tool_media ... ok
2026-09-16T07:50:37.8383240Z test known_tpm_rejects_missing_output_bound_before_upstream ... ok
2026-09-16T07:50:37.8383620Z test known_tpm_explicit_caps_and_text_only_inputs_forward_exact_bytes ... ok
2026-09-16T07:50:37.8384030Z test known_tpm_rejects_multimodal_and_oversized_estimate_without_attempt ... ok
2026-09-16T07:50:37.8390660Z test local_control_reports_bounded_metrics_and_stops_without_upstream ... ok
2026-09-16T07:50:37.8394790Z test lossless_query_rejects_a_request_query_that_url_would_transform ... ok
2026-09-16T07:50:37.8409800Z test many_small_chunked_frames_preserve_body_bytes ... ok
2026-09-16T07:50:37.8886490Z test library_retry_is_disabled_on_response_failure ... ok
2026-09-16T07:50:37.8907390Z test metadata_keeps_upstream_catalog_and_authorization_error_bytes ... ok
2026-09-16T07:50:37.8914840Z test model_allowlist_and_body_limit_are_enforced_before_upstream ... ok
2026-09-16T07:50:37.8932420Z test model_default_and_explicit_cap_precedence_do_not_rewrite_body ... ok
2026-09-16T07:50:37.8940730Z test models_metadata_does_not_require_a_generation_body ... ok
2026-09-16T07:50:37.8959540Z test native_auth_requires_no_gateway_header_and_rejects_browser_hosts_and_forms ... ok
2026-09-16T07:50:37.9111970Z test metadata_endpoints_have_zero_generation_tpm_and_share_rpm_across_roots ... ok
2026-09-16T07:50:37.9121140Z test none_auth_strips_both_known_credentials ... ok
2026-09-16T07:50:37.9130070Z test obsolete_data_header_is_ignored_and_scrubbed ... ok
2026-09-16T07:50:37.9141010Z test oversized_header_is_bounded_by_the_actual_http_receiver ... ok
2026-09-16T07:50:37.9150450Z test prefix_is_preserved ... ok
2026-09-16T07:50:37.9159910Z test protocol_specific_opaque_fields_do_not_become_multimodal_inputs ... ok
2026-09-16T07:50:37.9160580Z test public_spawn_rejects_non_loopback_before_other_startup_work ... ok
2026-09-16T07:50:37.9165330Z test query_conflict_is_rejected ... ok
2026-09-16T07:50:37.9166380Z test reserved_env_auth_header_is_rejected_before_any_http_attempt ... ok
2026-09-16T07:50:37.9171050Z test responses_tool_output_media_is_rejected_before_admission ... ok
2026-09-16T07:50:37.9192380Z test runtime_credentials_require_protected_preprovisioned_state_files ... ok
2026-09-16T07:50:37.9192910Z test start_validation_rejects_a_constructed_non_loopback_config_before_bind ... ok
2026-09-16T07:50:37.9200230Z test stop_cancels_admitted_unstarted_worker_and_its_quota_hold ... ok
2026-09-16T07:50:37.9209290Z test supported_encoded_queries_are_forwarded_without_reserialization ... ok
2026-09-16T07:50:37.9218040Z test unknown_route_never_reaches_upstream ... ok
2026-09-16T07:50:37.9224470Z test unsupported_background_and_upgrade_never_reach_upstream ... ok
2026-09-16T07:50:37.9487180Z test no_cross_host_redirect ... ok
2026-09-16T07:50:37.9487960Z
2026-09-16T07:50:37.9488330Z test result: ok. 46 passed; 0 failed; 0 ignored; 0 measured; 0 filtered out; finished in 0.21s
2026-09-16T07:50:37.9488680Z
2026-09-16T07:50:37.9490610Z    Doc-tests llmgw
2026-09-16T07:50:38.8258350Z
2026-09-16T07:50:38.8258680Z running 0 tests
2026-09-16T07:50:38.8258860Z
2026-09-16T07:50:38.8259590Z test result: ok. 0 passed; 0 failed; 0 ignored; 0 measured; 0 filtered out; finished in 0.00s
2026-09-16T07:50:38.8259930Z
2026-09-16T07:50:39.1288620Z    Compiling libc v0.2.183
2026-09-16T07:50:39.1291110Z    Compiling proc-macro2 v1.0.107
2026-09-16T07:50:39.5447500Z    Compiling quote v1.0.47
2026-09-16T07:50:39.6279160Z    Compiling unicode-ident v1.0.24
2026-09-16T07:50:40.1805850Z    Compiling syn v2.0.119
2026-09-16T07:50:40.3898290Z    Compiling syn v3.0.5
2026-09-16T07:50:43.2790820Z    Compiling synstructure v0.13.2
2026-09-16T07:50:43.2876210Z    Compiling bytes v1.11.1
2026-09-16T07:50:43.5861760Z    Compiling zerofrom-derive v0.1.7
2026-09-16T07:50:43.8519450Z    Compiling yoke-derive v0.8.2
2026-09-16T07:50:44.2093950Z    Compiling zerofrom v0.1.8
2026-09-16T07:50:44.2536950Z    Compiling stable_deref_trait v1.2.1
2026-09-16T07:50:44.2717790Z    Compiling pin-project-lite v0.2.17
2026-09-16T07:50:44.2965910Z    Compiling jobserver v0.1.35
2026-09-16T07:50:44.3989370Z    Compiling yoke v0.8.3
2026-09-16T07:50:44.4722830Z    Compiling errno v0.3.14
2026-09-16T07:50:44.4789620Z    Compiling find-msvc-tools v0.1.12
2026-09-16T07:50:44.5268260Z    Compiling shlex v2.0.1
2026-09-16T07:50:44.5696910Z    Compiling futures-core v0.3.34
2026-09-16T07:50:44.5959810Z    Compiling cc v1.4.5
2026-09-16T07:50:44.6217450Z    Compiling zerovec-derive v0.11.6
2026-09-16T07:50:45.1718670Z    Compiling itoa v1.0.18
2026-09-16T07:50:45.2935800Z    Compiling zerovec v0.11.8
2026-09-16T07:50:45.4873380Z    Compiling cmake v0.1.58
2026-09-16T07:50:45.6179460Z    Compiling displaydoc v0.2.7
2026-09-16T07:50:45.6554370Z    Compiling dunce v1.0.5
2026-09-16T07:50:45.6765850Z    Compiling fs_extra v1.3.0
2026-09-16T07:50:45.7934270Z    Compiling pkg-config v0.3.34
2026-09-16T07:50:45.9853010Z    Compiling signal-hook-registry v1.4.8
2026-09-16T07:50:46.0692410Z    Compiling aws-lc-sys v0.45.0
2026-09-16T07:50:46.2980260Z    Compiling tokio-macros v2.6.1
2026-09-16T07:50:46.6123680Z    Compiling mio v1.2.3
2026-09-16T07:50:46.7120940Z    Compiling socket2 v0.6.5
2026-09-16T07:50:47.1468100Z    Compiling once_cell v1.21.4
2026-09-16T07:50:47.1846070Z    Compiling tokio v1.49.0
2026-09-16T07:50:54.6766840Z    Compiling http v1.5.0
2026-09-16T07:50:55.8535180Z    Compiling smallvec v1.16.1
2026-09-16T07:50:55.9511350Z    Compiling tinystr v0.8.4
2026-09-16T07:50:56.0362480Z    Compiling aws-lc-rs v1.18.1
2026-09-16T07:50:56.1380980Z    Compiling slab v0.4.12
2026-09-16T07:50:56.2106510Z    Compiling litemap v0.8.3
2026-09-16T07:50:56.3131010Z    Compiling writeable v0.6.4
2026-09-16T07:50:56.4884580Z    Compiling serde_core v1.0.228
2026-09-16T07:50:56.6338780Z    Compiling icu_locale_core v2.3.0
2026-09-16T07:50:58.6935430Z    Compiling http-body v1.1.0
2026-09-16T07:50:58.7428140Z    Compiling zerotrie v0.2.5
2026-09-16T07:50:58.9756770Z    Compiling potential_utf v0.1.6
2026-09-16T07:50:59.0417090Z    Compiling hashbrown v0.17.1
2026-09-16T07:50:59.3911250Z    Compiling icu_normalizer_data v2.3.0
2026-09-16T07:50:59.4665880Z    Compiling equivalent v1.0.2
2026-09-16T07:50:59.4870480Z    Compiling zeroize v1.9.0
2026-09-16T07:50:59.5522220Z    Compiling icu_properties_data v2.3.0
2026-09-16T07:50:59.6233570Z    Compiling utf8_iter v1.0.4
2026-09-16T07:50:59.6798660Z    Compiling icu_collections v2.3.0
2026-09-16T07:51:00.1635850Z    Compiling indexmap v2.14.2
2026-09-16T07:51:00.6278940Z    Compiling icu_provider v2.3.1
2026-09-16T07:51:02.3290500Z    Compiling tracing-core v0.1.36
2026-09-16T07:51:02.9973400Z    Compiling futures-task v0.3.34
2026-09-16T07:51:03.0550370Z    Compiling httparse v1.10.1
2026-09-16T07:51:03.1850490Z    Compiling bitflags v2.13.2
2026-09-16T07:51:03.3950510Z    Compiling tower-service v0.3.3
2026-09-16T07:51:03.4244520Z    Compiling percent-encoding v2.3.2
2026-09-16T07:51:03.5505030Z    Compiling futures-sink v0.3.34
2026-09-16T07:51:03.5859100Z    Compiling tokio-util v0.7.19
2026-09-16T07:51:04.4521470Z    Compiling futures-util v0.3.32
2026-09-16T07:51:05.5817710Z    Compiling tracing v0.1.44
2026-09-16T07:51:05.8885970Z    Compiling rustls-pki-types v1.15.1
2026-09-16T07:51:06.4493070Z    Compiling fnv v1.0.7
2026-09-16T07:51:06.4727360Z    Compiling rustls v0.23.44
2026-09-16T07:51:06.5434620Z    Compiling untrusted v0.9.0
2026-09-16T07:51:06.5834050Z    Compiling try-lock v0.2.5
2026-09-16T07:51:06.6121530Z    Compiling atomic-waker v1.1.2
2026-09-16T07:51:06.6522690Z    Compiling h2 v0.4.19
2026-09-16T07:51:11.4783290Z    Compiling want v0.3.1
2026-09-16T07:51:11.5400200Z    Compiling icu_properties v2.3.0
2026-09-16T07:51:12.5695090Z    Compiling icu_normalizer v2.3.0
2026-09-16T07:51:13.7524110Z    Compiling futures-channel v0.3.34
2026-09-16T07:51:13.8587710Z    Compiling sync_wrapper v1.0.2
2026-09-16T07:51:13.8903280Z    Compiling core-foundation-sys v0.8.7
2026-09-16T07:51:13.9975050Z    Compiling typenum v1.20.1
2026-09-16T07:51:14.4823710Z    Compiling pin-utils v0.1.0
2026-09-16T07:51:14.5003150Z    Compiling httpdate v1.0.3
2026-09-16T07:51:14.6857740Z    Compiling subtle v2.6.1
2026-09-16T07:51:14.7383060Z    Compiling tower-layer v0.3.3
2026-09-16T07:51:14.8350980Z    Compiling hyper v1.8.1
2026-09-16T07:51:18.1890840Z    Compiling hybrid-array v0.4.15
2026-09-16T07:51:18.5301810Z    Compiling idna_adapter v1.2.2
2026-09-16T07:51:18.5658970Z    Compiling utf8parse v0.2.2
2026-09-16T07:51:18.5943120Z    Compiling cfg-if v1.0.4
2026-09-16T07:51:18.6118630Z    Compiling zmij v1.0.23
2026-09-16T07:51:18.7170170Z    Compiling memchr v2.8.3
2026-09-16T07:51:19.1817760Z    Compiling anstyle-parse v1.0.0
2026-09-16T07:51:19.2630950Z    Compiling idna v1.1.0
2026-09-16T07:51:20.7513540Z    Compiling tower v0.5.3
2026-09-16T07:51:21.0469020Z    Compiling core-foundation v0.10.1
2026-09-16T07:51:21.3206520Z    Compiling security-framework-sys v2.17.0
2026-09-16T07:51:21.3960180Z    Compiling form_urlencoded v1.2.2
2026-09-16T07:51:21.5006960Z    Compiling http-body-util v0.1.3
2026-09-16T07:51:21.6130210Z    Compiling serde_json v1.0.149
2026-09-16T07:51:21.6813460Z    Compiling colorchoice v1.0.5
2026-09-16T07:51:21.7100450Z    Compiling log v0.4.34
2026-09-16T07:51:21.7995030Z    Compiling anstyle v1.0.14
2026-09-16T07:51:21.9115300Z    Compiling getrandom v0.4.3
2026-09-16T07:51:21.9858460Z    Compiling anstyle-query v1.1.5
2026-09-16T07:51:22.0112210Z    Compiling is_terminal_polyfill v1.70.2
2026-09-16T07:51:22.0327550Z    Compiling rand_core v0.10.1
2026-09-16T07:51:22.0931900Z    Compiling ipnet v2.12.2
2026-09-16T07:51:23.0687640Z    Compiling rustix v1.1.4
2026-09-16T07:51:23.2203870Z    Compiling base64 v0.22.1
2026-09-16T07:51:23.5161910Z    Compiling hyper-util v0.1.20
2026-09-16T07:51:26.2325260Z    Compiling anstream v1.0.0
2026-09-16T07:51:26.5328730Z    Compiling url v2.5.8
2026-09-16T07:51:28.2663710Z    Compiling security-framework v3.7.0
2026-09-16T07:51:30.8618280Z    Compiling crypto-common v0.2.2
2026-09-16T07:51:31.7915720Z    Compiling block-buffer v0.12.1
2026-09-16T07:51:31.8583380Z    Compiling strsim v0.11.1
2026-09-16T07:51:32.4302330Z    Compiling exacl v0.13.0
2026-09-16T07:51:32.5387310Z    Compiling clap_lex v1.1.0
2026-09-16T07:51:32.8026110Z    Compiling unicode-width v0.2.2
2026-09-16T07:51:32.9499140Z    Compiling mime v0.3.17
2026-09-16T07:51:33.2310060Z    Compiling heck v0.5.0
2026-09-16T07:51:33.3179680Z    Compiling const-oid v0.10.2
2026-09-16T07:51:33.4539040Z    Compiling serde v1.0.228
2026-09-16T07:51:33.5758350Z    Compiling winnow v1.0.4
2026-09-16T07:51:34.4440510Z    Compiling toml_parser v1.1.3+spec-1.1.0
2026-09-16T07:51:35.3800880Z    Compiling digest v0.11.3
2026-09-16T07:51:35.4528580Z    Compiling clap_derive v4.6.4
2026-09-16T07:51:36.3855420Z    Compiling axum-core v0.5.6
2026-09-16T07:51:37.7501240Z    Compiling console v0.16.6
2026-09-16T07:51:38.7791540Z    Compiling clap_builder v4.6.6
2026-09-16T07:51:48.8011190Z    Compiling tower-http v0.6.11
2026-09-16T07:51:50.6796090Z    Compiling chacha20 v0.10.2
2026-09-16T07:51:50.7857390Z    Compiling serde_spanned v1.1.1
2026-09-16T07:51:50.8357910Z    Compiling toml_datetime v1.1.1+spec-1.1.0
2026-09-16T07:51:51.0428520Z    Compiling serde_derive v1.0.228
2026-09-16T07:51:52.7106960Z    Compiling cpufeatures v0.3.1
2026-09-16T07:51:52.7592780Z    Compiling matchit v0.8.4
2026-09-16T07:51:53.2600500Z    Compiling shell-words v1.1.1
2026-09-16T07:51:53.3897390Z    Compiling base64 v0.23.1
2026-09-16T07:51:53.8569090Z    Compiling toml_writer v1.1.2+spec-1.1.0
2026-09-16T07:51:53.9667640Z    Compiling scopeguard v1.2.0
2026-09-16T07:51:53.9958790Z    Compiling uuid v1.26.1
2026-09-16T07:51:55.4959090Z    Compiling toml_edit v0.25.15+spec-1.1.0
2026-09-16T07:51:59.5628920Z    Compiling dialoguer v0.12.0
2026-09-16T07:52:00.7056110Z    Compiling axum v0.8.9
2026-09-16T07:52:03.8758080Z    Compiling sha2 v0.11.0
2026-09-16T07:52:04.6640800Z    Compiling rand v0.10.2
2026-09-16T07:52:05.0678450Z    Compiling fs4 v1.1.0
2026-09-16T07:52:05.1786470Z    Compiling jsonc-parser v0.33.1
2026-09-16T07:52:09.5297030Z    Compiling clap v4.6.6
2026-09-16T07:52:09.5746450Z    Compiling quick-xml v0.42.0
2026-09-16T07:52:11.6282350Z    Compiling rustls-webpki v0.103.15
2026-09-16T07:52:14.2724580Z    Compiling tokio-rustls v0.26.5
2026-09-16T07:52:14.4445900Z    Compiling hyper-rustls v0.27.9
2026-09-16T07:52:14.6980080Z    Compiling rustls-platform-verifier v0.7.0
2026-09-16T07:52:15.0577150Z    Compiling reqwest v0.13.5
2026-09-16T07:52:28.1215580Z    Compiling llmgw v0.1.0 (/Users/runner/work/deskquota/deskquota/product)
2026-09-16T07:52:47.8262990Z     Finished `release` profile [optimized] target(s) in 2m 08s
2026-09-16T07:52:47.8726500Z ##[group]Run python3 -m unittest discover -s product/tests -p test_package_native.py
2026-09-16T07:52:47.8727200Z python3 -m unittest discover -s product/tests -p test_package_native.py
2026-09-16T07:52:47.8727800Z python3 -m unittest discover -s product/tests -p test_installers.py
2026-09-16T07:52:47.8728760Z python3 product/scripts/package_native.py --binary native-target/aarch64-apple-darwin/release/llmgw --output dist/llmgw-macos-arm64.tar.gz --identity-output dist/package-identity.json
2026-09-16T07:52:47.8735710Z python3 -c "from pathlib import Path; import hashlib; p=Path('dist/install.sh'); p.write_bytes(Path('product/packaging/install.sh').read_bytes()); p.with_name(p.name+'.sha256').write_text(hashlib.sha256(p.read_bytes()).hexdigest()+'  '+p.name+'\n', encoding='ascii')"
2026-09-16T07:52:47.8928250Z shell: /bin/bash --noprofile --norc -e -o pipefail {0}
2026-09-16T07:52:47.8928680Z env:
2026-09-16T07:52:47.8929040Z   CARGO_INCREMENTAL: 0
2026-09-16T07:52:47.8929320Z   CARGO_BUILD_JOBS: 2
2026-09-16T07:52:47.8929670Z   CARGO_TARGET_DIR: /Users/runner/work/deskquota/deskquota/native-target
2026-09-16T07:52:47.8930010Z   RUSTFLAGS:
2026-09-16T07:52:47.8930240Z ##[endgroup]
2026-09-16T07:52:48.4599420Z ....
2026-09-16T07:52:48.4599850Z ----------------------------------------------------------------------
2026-09-16T07:52:48.4600350Z Ran 4 tests in 0.023s
2026-09-16T07:52:48.4600620Z
2026-09-16T07:52:48.4600670Z OK
2026-09-16T07:52:50.1594930Z ..............
2026-09-16T07:52:50.1595530Z ----------------------------------------------------------------------
2026-09-16T07:52:50.1596110Z Ran 14 tests in 1.576s
2026-09-16T07:52:50.1596350Z
2026-09-16T07:52:50.1598310Z OK
2026-09-16T07:52:50.9924410Z {
2026-09-16T07:52:50.9924890Z   "archive": "/Users/runner/work/deskquota/deskquota/dist/llmgw-macos-arm64.tar.gz",
2026-09-16T07:52:50.9925440Z   "archive_bytes": 4315814,
2026-09-16T07:52:50.9925920Z   "archive_sha256": "e5208624f659c2d0c645bcf49bf5186d25f4b62584326f03918dbb0e44d6dab9",
2026-09-16T07:52:50.9926540Z   "binary_sha256": "1d7f0d4692a9d64f8cf5c1bb93766736fa81cae37074744d3048319f812f496d",
2026-09-16T07:52:50.9927150Z   "manifest": "/Users/runner/work/deskquota/deskquota/dist/llmgw-macos-arm64.tar.gz.sha256",
2026-09-16T07:52:50.9927780Z   "manifest_sha256": "5794032ebef45343743fb5fb0142ba68c8bbca12e3fda945aecaff57a9cef0ca",
2026-09-16T07:52:50.9928270Z   "members": [
2026-09-16T07:52:50.9928490Z     "llmgw",
2026-09-16T07:52:50.9928800Z     "README.md",
2026-09-16T07:52:50.9929010Z     "docs/installation.md",
2026-09-16T07:52:50.9929370Z     "docs/runtime-contract.md",
2026-09-16T07:52:50.9929680Z     "docs/client-compatibility.md"
2026-09-16T07:52:50.9929990Z   ]
2026-09-16T07:52:50.9930160Z }
2026-09-16T07:52:51.0286040Z ##[group]Run sh product/packaging/install.sh --archive "$PWD/dist/llmgw-macos-arm64.tar.gz" --checksum-manifest "$PWD/dist/llmgw-macos-arm64.tar.gz.sha256" --install-dir "$PWD/native-installed" --path-action none
2026-09-16T07:52:51.0287340Z sh product/packaging/install.sh --archive "$PWD/dist/llmgw-macos-arm64.tar.gz" --checksum-manifest "$PWD/dist/llmgw-macos-arm64.tar.gz.sha256" --install-dir "$PWD/native-installed" --path-action none
2026-09-16T07:52:51.0288190Z cmp native-installed/llmgw native-target/aarch64-apple-darwin/release/llmgw
2026-09-16T07:52:51.0288670Z native-installed/llmgw --help
2026-09-16T07:52:51.0289140Z python3 scripts/probe-product-cli.py --binary native-installed/llmgw --output dist/native-acceptance.json
2026-09-16T07:52:51.0359360Z shell: /bin/bash --noprofile --norc -e -o pipefail {0}
2026-09-16T07:52:51.0359740Z env:
2026-09-16T07:52:51.0359980Z   CARGO_INCREMENTAL: 0
2026-09-16T07:52:51.0360260Z   CARGO_BUILD_JOBS: 2
2026-09-16T07:52:51.0360610Z   CARGO_TARGET_DIR: /Users/runner/work/deskquota/deskquota/native-target
2026-09-16T07:52:51.0360930Z   RUSTFLAGS:
2026-09-16T07:52:51.0361170Z ##[endgroup]
2026-09-16T07:52:51.2349370Z Installed verified llmgw at /Users/runner/work/deskquota/deskquota/native-installed/llmgw
2026-09-16T07:52:51.2739980Z Run and control a local quota gateway
2026-09-16T07:52:51.2740190Z
2026-09-16T07:52:51.2740270Z Usage: llmgw [OPTIONS] [COMMAND]
2026-09-16T07:52:51.2740420Z
2026-09-16T07:52:51.2740480Z Commands:
2026-09-16T07:52:51.2740970Z   setup       Configure the gateway interactively. No files are changed before final apply
2026-09-16T07:52:51.2742240Z   run         Run in the foreground until Ctrl-C or authenticated stop
2026-09-16T07:52:51.2742640Z   on          Start one background worker and confirm authenticated readiness
2026-09-16T07:52:51.2743060Z   off         Stop this worker; preserve client URLs and login settings
2026-09-16T07:52:51.2743470Z   restart     Drain the current worker and apply the current configuration
2026-09-16T07:52:51.2743920Z   autostart   Register or unregister start at the next user login without changing the worker
2026-09-16T07:52:51.2744390Z   status      Inspect this configuration's worker without calling its upstream
2026-09-16T07:52:51.2744900Z   doctor      Validate without external connections. JSON includes computed state paths
2026-09-16T07:52:51.2745370Z   connect     Preview or apply a reviewed native client profile
2026-09-16T07:52:51.2745750Z   disconnect  Restore only values still equal to the selected llmgw client profile
2026-09-16T07:52:51.2746160Z   help        Print this message or the help of the given subcommand(s)
2026-09-16T07:52:51.2746380Z
2026-09-16T07:52:51.2746450Z Options:
2026-09-16T07:52:51.2746660Z       --config <PATH>
2026-09-16T07:52:51.2746860Z   -h, --help           Print help
2026-09-16T07:52:51.2747080Z   -V, --version        Print version
2026-09-16T07:52:51.8994680Z {"passed": true, "upstream_attempts": 1}
2026-09-16T07:52:51.9191640Z Node 20 is being deprecated. This workflow is running with Node 24 by default. If you need to temporarily use Node 20, you can set the ACTIONS_ALLOW_USE_UNSECURE_NODE_VERSION=true environment variable. For more information see: https://github.blog/changelog/2025-09-19-deprecation-of-node-20-on-github-actions-runners/
2026-09-16T07:52:51.9193230Z ##[group]Run actions/upload-artifact@ea165f8d65b6e75b540449e92b4886f43607fa02
2026-09-16T07:52:51.9193550Z with:
2026-09-16T07:52:51.9193740Z   name: native-aarch64-apple-darwin
2026-09-16T07:52:51.9193950Z   path: dist/
2026-09-16T07:52:51.9194120Z   if-no-files-found: error
2026-09-16T07:52:51.9194320Z   retention-days: 30
2026-09-16T07:52:51.9194560Z   compression-level: 6
2026-09-16T07:52:51.9194750Z   overwrite: false
2026-09-16T07:52:51.9194920Z   include-hidden-files: false
2026-09-16T07:52:51.9195110Z env:
2026-09-16T07:52:51.9195250Z   CARGO_INCREMENTAL: 0
2026-09-16T07:52:51.9195450Z   CARGO_BUILD_JOBS: 2
2026-09-16T07:52:51.9195770Z   CARGO_TARGET_DIR: /Users/runner/work/deskquota/deskquota/native-target
2026-09-16T07:52:51.9196130Z   RUSTFLAGS:
2026-09-16T07:52:51.9196270Z ##[endgroup]
2026-09-16T07:52:52.2221200Z (node:25058) [DEP0040] DeprecationWarning: The `punycode` module is deprecated. Please use a userland alternative instead.
2026-09-16T07:52:52.2222280Z (Use `node --trace-deprecation ...` to show where the warning was created)
2026-09-16T07:52:52.2285250Z With the provided path, there will be 6 files uploaded
2026-09-16T07:52:52.2285840Z Artifact name is valid!
2026-09-16T07:52:52.2286070Z Root directory input is valid!
2026-09-16T07:52:52.5380040Z Beginning upload of artifact content to blob storage
2026-09-16T07:52:52.6562010Z (node:25058) [DEP0169] DeprecationWarning: `url.parse()` behavior is not standardized and prone to errors that have security implications. Use the WHATWG URL API instead. CVEs are not issued for `url.parse()` vulnerabilities.
2026-09-16T07:52:53.1198230Z Uploaded bytes 4313342
2026-09-16T07:52:53.1595030Z Finished uploading artifact content to blob storage!
2026-09-16T07:52:53.1596740Z SHA256 digest of uploaded artifact zip is 7e52feaa3d337840fd92a2a36c4a58656d57b23b292d06a670388b669bc5a6b9
2026-09-16T07:52:53.1599960Z Finalizing artifact upload
2026-09-16T07:52:53.3881160Z Artifact native-aarch64-apple-darwin.zip successfully finalized. Artifact ID 10436062681
2026-09-16T07:52:53.3881890Z Artifact native-aarch64-apple-darwin has been successfully uploaded! Final size is 4313342 bytes. Artifact ID is 10436062681
2026-09-16T07:52:53.3887930Z Artifact download URL: https://github.com/ryuwon-ai/deskquota/actions/runs/35070363722/artifacts/10436062681
2026-09-16T07:52:53.4025880Z Node 20 is being deprecated. This workflow is running with Node 24 by default. If you need to temporarily use Node 20, you can set the ACTIONS_ALLOW_USE_UNSECURE_NODE_VERSION=true environment variable. For more information see: https://github.blog/changelog/2025-09-19-deprecation-of-node-20-on-github-actions-runners/
2026-09-16T07:52:53.4026900Z Post job cleanup.
2026-09-16T07:52:53.4797560Z [command]/opt/homebrew/bin/git version
2026-09-16T07:52:53.4990700Z git version 2.55.0
2026-09-16T07:52:53.5020800Z Copying '/Users/runner/.gitconfig' to '/Users/runner/work/_temp/f638b764-3fd9-4bdb-827b-7083c2a05769/.gitconfig'
2026-09-16T07:52:53.5037440Z Temporarily overriding HOME='/Users/runner/work/_temp/f638b764-3fd9-4bdb-827b-7083c2a05769' before making global git config changes
2026-09-16T07:52:53.5056720Z Adding repository directory to the temporary git global config as a safe directory
2026-09-16T07:52:53.5057510Z [command]/opt/homebrew/bin/git config --global --add safe.directory /Users/runner/work/deskquota/deskquota
2026-09-16T07:52:53.5953870Z [command]/opt/homebrew/bin/git config --local --name-only --get-regexp core\.sshCommand
2026-09-16T07:52:53.6005090Z [command]/opt/homebrew/bin/git submodule foreach --recursive sh -c "git config --local --name-only --get-regexp 'core\.sshCommand' && git config --local --unset-all 'core.sshCommand' || :"
2026-09-16T07:52:53.6440440Z [command]/opt/homebrew/bin/git config --local --name-only --get-regexp http\.https\:\/\/github\.com\/\.extraheader
2026-09-16T07:52:53.6473650Z http.https://github.com/.extraheader
2026-09-16T07:52:53.6478940Z [command]/opt/homebrew/bin/git config --local --unset-all http.https://github.com/.extraheader
2026-09-16T07:52:53.6521460Z [command]/opt/homebrew/bin/git submodule foreach --recursive sh -c "git config --local --name-only --get-regexp 'http\.https\:\/\/github\.com\/\.extraheader' && git config --local --unset-all 'http.https://github.com/.extraheader' || :"
2026-09-16T07:52:53.6998250Z [command]/opt/homebrew/bin/git config --local --name-only --get-regexp ^includeIf\.gitdir:
2026-09-16T07:52:53.7034340Z [command]/opt/homebrew/bin/git submodule foreach --recursive git config --local --show-origin --name-only --get-regexp remote.origin.url
2026-09-16T07:52:53.7564980Z Cleaning up orphan processes
2026-09-16T07:52:55.1984770Z ##[warning]Node.js 20 is deprecated. The following actions target Node.js 20 but are being forced to run on Node.js 24: actions/checkout@11d5960a326750d5838078e36cf38b85af677262, actions/upload-artifact@ea165f8d65b6e75b540449e92b4886f43607fa02. For more information see: https://github.blog/changelog/2025-09-19-deprecation-of-node-20-on-github-actions-runners/
